Identity,,,,AGRF Nanodrop Results,,,AGRF Flourimetric Results,Initial dilution,,First qubit quantification,,,First dilution,,,Second dilution,,PCR Products GXII,,,PCR Products Qubit,,Notes,,Barcode Layout,,,,,,,
Sample number by column,Plate,Well,Sample Name,ng/μl,260/280,260/230,ng/μl,Dilution factor,H20 added μL,Qubit,Qubit without dilution,Flourimetric vs Qubit,DNA,Water,Second qubit,DNA,Water,[GXII 400- 800 bp] ng/μL,Total ng 400-800 bp (50μl = 25μl DNA + 25μl water),"μL into pool (max 25μl, targetting 15ng per sample) from GXII",Qubit Values PCR (ng/μl),"μL into pool (max 25μl, targetting 130ng per sample)",PCR Cycles,Dave notes,Plate location,Custom i7 sequence,,,Custom i5 sequence,,,i5_fixed
1,1,A01,001_011_1_1,11.97,1.83,1.44,6.64,1,0,8.77,8.77,-2.13,5.70,19.30,2.33,8.59,16.41,0.74,36.85,20.35,NA,,16,Targeted 15 ng beacuse close to average ng/μL,A01,B-0055,WGS_i7_3,AACCATAA,B-0031,WGS_i5_3,AACCATGC,GCATGGTT
2,1,B01,024_012_5_4,17.62,1.78,1.43,9.72,1,0,11.88,11.88,-2.16,4.20,20.80,2.33,8.59,16.41,0.69,34.70,21.61,NA,,16,,B01,B-0055,WGS_i7_3,AACCATAA,B-0032,WGS_i5_139,AGAGCCTG,CAGGCTCT
3,1,C01,037_014_1_1,9.959,1.66,0.95,9.89,1,0,11.30,11.30,-1.41,4.40,20.60,2.32,8.63,16.37,0.66,33.05,22.69,NA,,16,,C01,B-0055,WGS_i7_3,AACCATAA,B-0033,WGS_i5_197,ATAGCCAT,ATGGCTAT
4,1,D01,111_021_1_2,13.24,1.88,1.26,6.57,1,0,8.04,8.04,-1.47,6.20,18.80,2.17,9.21,15.79,1.26,63.10,11.89,NA,,16,,D01,B-0055,WGS_i7_3,AACCATAA,B-0034,WGS_i5_321,CCGTAACC,GGTTACGG
5,1,E01,116_022_1_3,14.43,2.06,1.4,8.09,1,0,9.95,9.95,-1.86,5.00,20.00,2.39,8.37,16.63,0.66,33.10,22.66,NA,,16,,E01,B-0055,WGS_i7_3,AACCATAA,B-0035,WGS_i5_480,GATCTTAA,TTAAGATC
6,1,F01,121_024_3_3,15.59,2.08,1.71,8.31,1,0,10.57,10.57,-2.26,4.70,20.30,2.29,8.72,16.28,0.40,20.15,25.00,NA,,16,,F01,B-0055,WGS_i7_3,AACCATAA,B-0036,WGS_i5_566,GGTTGAGG,CCTCAACC
7,1,G01,126_025_5_3,18.32,1.81,1.16,9.7,1,0,11.95,11.95,-2.25,4.20,20.80,2.21,9.04,15.96,0.70,34.85,21.52,NA,,16,,G01,B-0055,WGS_i7_3,AACCATAA,B-0037,WGS_i5_577,GTCAGGCT,AGCCTGAC
8,1,H01,151_033_1_2,16.08,1.8,1.33,9.41,1,0,10.87,10.87,-1.46,4.60,20.40,2.46,8.15,16.85,0.58,29.20,25.00,NA,,16,,H01,B-0055,WGS_i7_3,AACCATAA,B-0038,WGS_i5_651,TCGCCGTA,TACGGCGA
9,1,A02,165_034_2_1,24.58,1.87,1.76,13.13,2,50,7.19,14.39,-1.26,7.00,18.00,1.98,10.11,14.89,0.32,15.80,25.00,NA,,16,,A02,B-0056,WGS_i7_51,ACCAGCAA,B-0031,WGS_i5_3,AACCATGC,GCATGGTT
10,1,B02,182_039_3_1_d1,16.72,1.72,1.63,10.01,1,0,12.58,12.58,-2.57,4.00,21.00,2.37,8.44,16.56,0.63,31.35,23.92,NA,,16,,B02,B-0056,WGS_i7_51,ACCAGCAA,B-0032,WGS_i5_139,AGAGCCTG,CAGGCTCT
11,1,C02,198_040_5_1,30.18,1.96,2.08,17.5,2,50,25.28,50.56,-33.06,2.00,23.00,2.43,8.23,16.77,0.53,26.60,25.00,NA,,16,,C02,B-0056,WGS_i7_51,ACCAGCAA,B-0033,WGS_i5_197,ATAGCCAT,ATGGCTAT
12,1,D02,251_051_1_3,10.17,1.77,1.27,5.94,1,0,7.54,7.54,-1.60,6.60,18.40,2.12,9.41,15.59,0.75,37.40,20.05,NA,,16,,D02,B-0056,WGS_i7_51,ACCAGCAA,B-0034,WGS_i5_321,CCGTAACC,GGTTACGG
13,1,E02,256_052_1_2,13.81,2.22,1.47,7.09,1,0,8.83,8.83,-1.74,5.70,19.30,2.11,9.48,15.52,0.79,39.55,18.96,NA,,16,,E02,B-0056,WGS_i7_51,ACCAGCAA,B-0035,WGS_i5_480,GATCTTAA,TTAAGATC
14,1,F02,261_053_3_4,19.8,1.8,1.7,9.42,1,0,10.99,10.99,-1.57,4.50,20.50,2.11,9.48,15.52,0.34,17.10,25.00,NA,,16,,F02,B-0056,WGS_i7_51,ACCAGCAA,B-0036,WGS_i5_566,GGTTGAGG,CCTCAACC
15,1,G02,266_054_5_2,20.16,1.8,1.99,10.66,1,0,13.29,13.29,-2.63,3.80,21.20,2.11,9.46,15.54,0.49,24.60,25.00,NA,,16,,G02,B-0056,WGS_i7_51,ACCAGCAA,B-0037,WGS_i5_577,GTCAGGCT,AGCCTGAC
16,1,H02,293_061_1_1,29.57,1.74,1.67,14.69,2,50,6.91,13.82,0.87,7.20,17.80,2.32,8.61,16.39,0.21,10.35,25.00,NA,,16,,H02,B-0056,WGS_i7_51,ACCAGCAA,B-0038,WGS_i5_651,TCGCCGTA,TACGGCGA
17,1,A03,298_062_1_3,23.03,1.8,1.92,12.73,1,0,17.94,17.94,-5.21,2.80,22.20,2.53,7.92,17.08,0.74,36.90,20.33,NA,,16,,A03,B-0057,WGS_i7_71,ACGCCGTT,B-0031,WGS_i5_3,AACCATGC,GCATGGTT
18,1,B03,303_063_3_4,11.18,2.03,1.29,5.61,1,0,7.68,7.68,-2.07,6.50,18.50,2.11,9.49,15.51,0.48,23.95,25.00,NA,,16,,B03,B-0057,WGS_i7_71,ACGCCGTT,B-0032,WGS_i5_139,AGAGCCTG,CAGGCTCT
19,1,C03,308_064_5_1b,15.93,2.1,1.46,10.45,1,0,15.45,15.45,-5.00,3.20,21.80,1.94,10.29,14.71,0.75,37.70,19.89,NA,,16,,C03,B-0057,WGS_i7_71,ACGCCGTT,B-0033,WGS_i5_197,ATAGCCAT,ATGGCTAT
20,1,D03,003_011_2_1,21.22,1.86,1.57,11.16,1,0,13.74,13.74,-2.58,3.60,21.40,2.25,8.90,16.10,0.64,31.80,23.58,NA,,16,,D03,B-0057,WGS_i7_71,ACGCCGTT,B-0034,WGS_i5_321,CCGTAACC,GGTTACGG
21,1,E03,335_072_1_1,10.74,2,1.29,5.39,1,0,7.07,7.07,-1.68,7.10,17.90,1.81,11.07,13.93,0.84,41.80,17.94,NA,,16,,E03,B-0057,WGS_i7_71,ACGCCGTT,B-0035,WGS_i5_480,GATCTTAA,TTAAGATC
22,1,F03,340_073_1_2,18.61,1.86,1.56,9.93,1,0,11.92,11.92,-1.99,4.20,20.80,2.01,9.97,15.03,0.84,41.85,17.92,NA,,16,,F03,B-0057,WGS_i7_71,ACGCCGTT,B-0036,WGS_i5_566,GGTTGAGG,CCTCAACC
23,1,G03,345_074_3_3,21.77,1.89,1.9,11.54,1,0,14.02,14.02,-2.48,3.60,21.40,2.48,8.07,16.93,0.78,38.90,19.28,NA,,16,,G03,B-0057,WGS_i7_71,ACGCCGTT,B-0037,WGS_i5_577,GTCAGGCT,AGCCTGAC
24,1,H03,350_075_5_3,19.99,1.93,1.7,10.67,1,0,12.52,12.52,-1.85,4.00,21.00,2.31,8.68,16.32,0.27,13.45,25.00,NA,,16,,H03,B-0057,WGS_i7_71,ACGCCGTT,B-0038,WGS_i5_651,TCGCCGTA,TACGGCGA
25,1,A04,367_109_1_1,8.394,1.69,1.03,3.48,1,0,3.17,3.17,0.31,15.80,9.20,2.22,9.00,16.00,0.78,38.90,19.28,NA,,16,,A04,B-0058,WGS_i7_220,CAATATCC,B-0031,WGS_i5_3,AACCATGC,GCATGGTT
26,1,B04,381_110_3_1,9.042,2.21,1.44,5.87,1,0,6.17,6.17,-0.30,8.10,16.90,2.16,9.26,15.74,0.71,35.50,21.13,NA,,16,,B04,B-0058,WGS_i7_220,CAATATCC,B-0032,WGS_i5_139,AGAGCCTG,CAGGCTCT
27,1,C04,395_111_3_1,6.448,2.37,0.93,3.67,1,0,4.27,4.27,-0.60,11.70,13.30,1.98,10.10,14.90,0.70,34.75,21.58,NA,,16,,C04,B-0058,WGS_i7_220,CAATATCC,B-0033,WGS_i5_197,ATAGCCAT,ATGGCTAT
28,1,D04,414_112_5_1,34.69,1.91,1.88,17.89,2,50,7.92,15.83,2.06,6.30,18.70,2.07,9.64,15.36,0.65,32.35,23.18,NA,,16,,D04,B-0058,WGS_i7_220,CAATATCC,B-0034,WGS_i5_321,CCGTAACC,GGTTACGG
29,1,E04,052_015_2_1,12.42,2.15,1.3,5.86,1,0,7.11,7.11,-1.25,7.00,18.00,1.95,10.27,14.73,0.59,29.60,25.00,NA,,16,,E04,B-0058,WGS_i7_220,CAATATCC,B-0035,WGS_i5_480,GATCTTAA,TTAAGATC
30,1,F04,068_016_3_2,40.9,1.92,1.98,17.28,2,50,8.36,16.73,0.55,6.00,19.00,2.02,9.91,15.09,0.71,35.25,21.28,NA,,16,,F04,B-0058,WGS_i7_220,CAATATCC,B-0036,WGS_i5_566,GGTTGAGG,CCTCAACC
31,1,G04,085_017_5_4,35.4,1.9,1.93,16.37,2,50,7.31,14.63,1.74,6.80,18.20,1.88,10.63,14.37,0.61,30.60,24.51,NA,,16,,G04,B-0058,WGS_i7_220,CAATATCC,B-0037,WGS_i5_577,GTCAGGCT,AGCCTGAC
32,1,H04,099_020_1_2,12.76,1.74,1.36,7.15,1,0,8.22,8.22,-1.07,6.10,18.90,2.18,9.17,15.83,0.68,34.00,22.06,NA,,16,,H04,B-0058,WGS_i7_220,CAATATCC,B-0038,WGS_i5_651,TCGCCGTA,TACGGCGA
33,1,A05,504_120_1_1,10.64,1.72,0.87,3.53,1,0,4.47,4.47,-0.94,11.20,13.80,2.09,9.55,15.45,0.74,36.80,20.38,NA,,16,,A05,B-0059,WGS_i7_290,CCGCCGCA,B-0031,WGS_i5_3,AACCATGC,GCATGGTT
34,1,B05,509_121_1_4,19.64,1.99,1.84,12.6,1,0,15.97,15.97,-3.37,3.10,21.90,2.13,9.41,15.59,0.59,29.45,25.00,NA,,16,,B05,B-0059,WGS_i7_290,CCGCCGCA,B-0032,WGS_i5_139,AGAGCCTG,CAGGCTCT
35,1,C05,514_122_3_4,16.91,1.84,1.12,7.28,1,0,8.84,8.84,-1.56,5.70,19.30,1.81,11.06,13.94,0.65,32.65,22.97,NA,,16,,C05,B-0059,WGS_i7_290,CCGCCGCA,B-0033,WGS_i5_197,ATAGCCAT,ATGGCTAT
36,1,D05,519_123_5_4,16.72,1.79,1.26,6.63,1,0,7.85,7.85,-1.22,6.40,18.60,1.90,10.55,14.45,0.72,36.15,20.75,NA,,16,,D05,B-0059,WGS_i7_290,CCGCCGCA,B-0034,WGS_i5_321,CCGTAACC,GGTTACGG
37,1,E05,540_158_1_2,12.69,2.11,1.33,6.92,1,0,8.93,8.93,-2.01,5.60,19.40,1.79,11.15,13.85,0.78,39.00,19.23,NA,,16,,E05,B-0059,WGS_i7_290,CCGCCGCA,B-0035,WGS_i5_480,GATCTTAA,TTAAGATC
38,1,F05,545_159_1_2,21.43,1.97,1.63,10.64,1,0,12.65,12.65,-2.01,4.00,21.00,2.13,9.37,15.63,0.59,29.55,25.00,NA,,16,,F05,B-0059,WGS_i7_290,CCGCCGCA,B-0036,WGS_i5_566,GGTTGAGG,CCTCAACC
39,1,G05,007_011_3_1,29.56,1.92,2.02,12.21,1,0,16.57,16.57,-4.36,3.00,22.00,1.95,10.26,14.74,0.59,29.55,25.00,NA,,16,,G05,B-0059,WGS_i7_290,CCGCCGCA,B-0037,WGS_i5_577,GTCAGGCT,AGCCTGAC
40,1,H05,550_160_3_3,9.176,1.89,1.11,5.09,1,0,5.93,5.93,-0.84,8.40,16.60,2.07,9.67,15.33,0.14,7.15,25.00,NA,,16,,H05,B-0059,WGS_i7_290,CCGCCGCA,B-0038,WGS_i5_651,TCGCCGTA,TACGGCGA
41,1,A06,131_028_1_2,33.42,1.79,1.51,13.95,2,50,6.00,11.99,1.96,8.30,16.70,1.90,10.51,14.49,0.37,18.50,25.00,NA,,16,,A06,B-0060,WGS_i7_341,CGATTCGG,B-0031,WGS_i5_3,AACCATGC,GCATGGTT
42,1,B06,136_029_1_2,11.19,1.67,1.1,5.7,1,0,6.98,6.98,-1.28,7.20,17.80,2.00,10.00,15.00,0.81,40.50,18.52,NA,,16,,B06,B-0060,WGS_i7_341,CGATTCGG,B-0032,WGS_i5_139,AGAGCCTG,CAGGCTCT
43,1,C06,141_030_3_2,30.72,2.02,1.74,13.01,2,50,6.60,13.20,-0.19,7.60,17.40,1.66,12.07,12.93,0.68,34.05,22.03,NA,,16,,C06,B-0060,WGS_i7_341,CGATTCGG,B-0033,WGS_i5_197,ATAGCCAT,ATGGCTAT
44,1,D06,146_031_5_2,40.65,1.82,1.84,17.42,2,50,8.09,16.18,1.24,6.20,18.80,1.73,11.56,13.44,0.74,36.85,20.35,NA,,16,,D06,B-0060,WGS_i7_341,CGATTCGG,B-0034,WGS_i5_321,CCGTAACC,GGTTACGG
45,1,E06,402_112_1_2_d3,51.61,1.87,1.83,19.94,2,50,12.06,24.11,-4.17,4.10,20.90,1.47,13.60,11.40,0.86,43.10,17.40,NA,,16,,E06,B-0060,WGS_i7_341,CGATTCGG,B-0035,WGS_i5_480,GATCTTAA,TTAAGATC
46,1,F06,591_169_2_2,24.39,1.94,1.53,8.75,1,0,8.16,8.16,0.59,6.10,18.90,1.93,10.38,14.62,0.80,40.00,18.75,NA,,16,,F06,B-0060,WGS_i7_341,CGATTCGG,B-0036,WGS_i5_566,GGTTGAGG,CCTCAACC
47,1,G06,745_221_1_2,28.16,1.87,1.91,12.47,1,0,15.99,15.99,-3.52,3.10,21.90,1.94,10.33,14.67,1.17,58.30,12.86,NA,,16,,G06,B-0060,WGS_i7_341,CGATTCGG,B-0037,WGS_i5_577,GTCAGGCT,AGCCTGAC
48,1,H06,607_170_3_2,27.33,1.82,1.6,11.89,1,0,14.65,14.65,-2.76,3.40,21.60,2.11,9.48,15.52,0.84,42.00,17.86,NA,,16,,H06,B-0060,WGS_i7_341,CGATTCGG,B-0038,WGS_i5_651,TCGCCGTA,TACGGCGA
49,1,A07,271_056_1_1,17.72,1.76,1.18,6.25,1,0,6.38,6.38,-0.13,7.80,17.20,1.83,10.91,14.09,1.06,53.00,14.15,NA,,16,,A07,B-0061,WGS_i7_435,GAAGAACG,B-0031,WGS_i5_3,AACCATGC,GCATGGTT
50,1,B07,276_057_1_4,19.98,1.67,1.09,7.34,1,0,7.63,7.63,-0.29,6.60,18.40,2.01,9.93,15.07,0.67,33.40,22.46,NA,,16,,B07,B-0061,WGS_i7_435,GAAGAACG,B-0032,WGS_i5_139,AGAGCCTG,CAGGCTCT
51,1,C07,281_058_3_1,20.86,1.94,1.58,10.18,1,0,11.26,11.26,-1.08,4.40,20.60,2.10,9.51,15.49,0.89,44.70,16.78,NA,,16,,C07,B-0061,WGS_i7_435,GAAGAACG,B-0033,WGS_i5_197,ATAGCCAT,ATGGCTAT
52,1,D07,287_059_5_3b,11.78,1.83,1.08,4.19,1,0,2.93,2.93,1.26,17.00,8.00,1.97,10.17,14.83,0.00,0.00,25.00,NA,,16,"Well was low in the GXII, multichannel might have failed during GXII testing.",D07,B-0061,WGS_i7_435,GAAGAACG,B-0034,WGS_i5_321,CCGTAACC,GGTTACGG
53,1,E07,626_171_5_1,43.57,1.87,1.48,16.93,2,50,5.68,11.36,5.57,8.80,16.20,1.94,10.31,14.69,0.78,38.95,19.26,NA,,16,,E07,B-0061,WGS_i7_435,GAAGAACG,B-0035,WGS_i5_480,GATCTTAA,TTAAGATC
54,1,F07,639_173_1_1,11.84,1.81,1.02,4.24,1,0,2.77,2.77,1.47,18.10,6.90,1.94,10.31,14.69,0.88,43.75,17.14,NA,,16,,F07,B-0061,WGS_i7_435,GAAGAACG,B-0036,WGS_i5_566,GGTTGAGG,CCTCAACC
55,1,G07,749_222_1_3,29.88,1.91,1.73,12.35,1,0,11.97,11.97,0.38,4.20,20.80,2.11,9.49,15.51,0.50,25.15,25.00,NA,,16,,G07,B-0061,WGS_i7_435,GAAGAACG,B-0037,WGS_i5_577,GTCAGGCT,AGCCTGAC
56,1,H07,703_201_1_3,16.95,1.85,1.41,6.96,1,0,7.83,7.83,-0.87,6.40,18.60,1.93,10.36,14.64,0.19,9.55,25.00,NA,,16,,H07,B-0061,WGS_i7_435,GAAGAACG,B-0038,WGS_i5_651,TCGCCGTA,TACGGCGA
57,1,A08,708_202_1_4,20.01,1.91,1.53,8.78,1,0,11.21,11.21,-2.43,4.50,20.50,2.05,9.76,15.24,0.63,31.70,23.66,NA,,16,,A08,B-0062,WGS_i7_574,GTCTCGTT,B-0031,WGS_i5_3,AACCATGC,GCATGGTT
58,1,B08,714_203_3_3,11.67,1.79,1.13,4.87,1,0,6.77,6.77,-1.90,7.40,17.60,1.85,10.80,14.20,0.84,41.75,17.96,NA,,16,,B08,B-0062,WGS_i7_574,GTCTCGTT,B-0032,WGS_i5_139,AGAGCCTG,CAGGCTCT
59,1,C08,719_204_5_4,15.87,1.97,1.03,5.41,1,0,6.23,6.23,-0.82,8.00,17.00,1.83,10.94,14.06,0.82,41.15,18.23,NA,,16,,C08,B-0062,WGS_i7_574,GTCTCGTT,B-0033,WGS_i5_197,ATAGCCAT,ATGGCTAT
60,1,D08,752_222_5_2,16.6,1.77,0.93,7,1,0,6.29,6.29,0.71,8.00,17.00,1.93,10.36,14.64,0.77,38.30,19.58,NA,,16,,D08,B-0062,WGS_i7_574,GTCTCGTT,B-0034,WGS_i5_321,CCGTAACC,GGTTACGG
61,1,E08,215_044_1_2,19.32,1.83,1.84,8.74,1,0,10.69,10.69,-1.95,4.70,20.30,1.98,10.09,14.91,0.81,40.55,18.50,NA,,16,,E08,B-0062,WGS_i7_574,GTCTCGTT,B-0035,WGS_i5_480,GATCTTAA,TTAAGATC
62,1,F08,230_045_2_2,26.87,1.95,1.56,10.75,1,0,11.80,11.80,-1.05,4.20,20.80,2.27,8.82,16.18,0.70,35.20,21.31,NA,,16,,F08,B-0062,WGS_i7_574,GTCTCGTT,B-0036,WGS_i5_566,GGTTGAGG,CCTCAACC
63,1,G08,244_046_3_1,14.67,1.92,1.49,5.38,1,0,6.43,6.43,-1.05,7.80,17.20,1.92,10.39,14.61,0.74,37.05,25.00,NA,,16,,G08,B-0062,WGS_i7_574,GTCTCGTT,B-0037,WGS_i5_577,GTCAGGCT,AGCCTGAC
64,1,H08,757_224_1_2,24.26,1.83,1.69,11.61,1,0,14.41,14.41,-2.80,3.50,21.50,2.18,9.16,15.84,0.47,23.70,25.00,NA,,16,,H08,B-0062,WGS_i7_574,GTCTCGTT,B-0038,WGS_i5_651,TCGCCGTA,TACGGCGA
65,1,A09,761_225_1_2,9.225,1.8,0.8,4.65,1,0,5.38,5.38,-0.73,9.30,15.70,2.00,9.99,15.01,0.92,46.05,16.29,NA,,16,,A09,B-0063,WGS_i7_579,GTTAGCGG,B-0031,WGS_i5_3,AACCATGC,GCATGGTT
66,1,B09,012_011_5_2,24.06,1.7,1.35,11.92,1,0,13.53,13.53,-1.61,3.70,21.30,2.13,9.41,15.59,0.83,41.50,18.07,NA,,16,,B09,B-0063,WGS_i7_579,GTTAGCGG,B-0032,WGS_i5_139,AGAGCCTG,CAGGCTCT
67,1,C09,724_206_1_1,17.54,2.04,1.31,7.63,1,0,8.29,8.29,-0.66,6.00,19.00,2.03,9.83,15.17,0.94,47.05,15.94,NA,,16,,C09,B-0063,WGS_i7_579,GTTAGCGG,B-0033,WGS_i5_197,ATAGCCAT,ATGGCTAT
68,1,D09,729_207_1_4,26.64,1.89,1.48,9.75,1,0,10.46,10.46,-0.71,4.80,20.20,2.12,9.43,15.57,0.77,38.25,19.61,NA,,16,,D09,B-0063,WGS_i7_579,GTTAGCGG,B-0034,WGS_i5_321,CCGTAACC,GGTTACGG
69,1,E09,734_208_3_2,21.17,2.01,1.78,9.64,1,0,12.04,12.04,-2.40,4.20,20.80,1.94,10.29,14.71,0.85,42.55,17.63,NA,,16,,E09,B-0063,WGS_i7_579,GTTAGCGG,B-0035,WGS_i5_480,GATCTTAA,TTAAGATC
70,1,F09,739_209_5_1,18.46,1.85,1.26,7.55,1,0,8.69,8.69,-1.14,5.80,19.20,1.89,10.61,14.39,0.73,36.35,20.63,NA,,16,,F09,B-0063,WGS_i7_579,GTTAGCGG,B-0036,WGS_i5_566,GGTTGAGG,CCTCAACC
71,1,G09,402_112_1_2_d4,25.77,1.91,1.82,11.51,1,0,12.90,12.90,-1.39,3.90,21.10,2.26,8.85,16.15,0.78,38.75,19.35,NA,,16,,G09,B-0063,WGS_i7_579,GTTAGCGG,B-0037,WGS_i5_577,GTCAGGCT,AGCCTGAC
72,1,H09,772_227_5_3,15.36,2.04,1.29,8.71,1,0,9.30,9.30,-0.59,5.40,19.60,2.06,9.73,15.27,0.49,24.60,25.00,NA,,16,,H09,B-0063,WGS_i7_579,GTTAGCGG,B-0038,WGS_i5_651,TCGCCGTA,TACGGCGA
73,1,A10,654_174_2_1,12.63,1.67,1.3,5.75,1,0,6.05,6.05,-0.30,8.30,16.70,1.73,11.56,13.44,0.85,42.70,17.56,NA,,16,,A10,B-0064,WGS_i7_586,GTTGGAAT,B-0031,WGS_i5_3,AACCATGC,GCATGGTT
74,1,B10,672_175_3_1,11.79,1.71,1.23,5.93,1,0,6.71,6.71,-0.78,7.50,17.50,1.83,10.96,14.04,0.88,43.80,17.12,NA,,16,,B10,B-0064,WGS_i7_586,GTTGGAAT,B-0032,WGS_i5_139,AGAGCCTG,CAGGCTCT
75,1,C10,314_066_1_1,21.17,2.13,1.74,9.48,1,0,11.11,11.11,-1.63,4.50,20.50,1.91,10.46,14.54,0.82,40.85,18.36,NA,,16,,C10,B-0064,WGS_i7_586,GTTGGAAT,B-0033,WGS_i5_197,ATAGCCAT,ATGGCTAT
76,1,D10,319_068_1_2,28.32,1.93,1.96,15.08,2,50,7.11,14.21,0.87,7.00,18.00,1.69,11.82,13.18,0.67,33.45,22.42,NA,,16,,D10,B-0064,WGS_i7_586,GTTGGAAT,B-0034,WGS_i5_321,CCGTAACC,GGTTACGG
77,1,E10,324_069_3_1,12.22,2.08,1.64,5.53,1,0,6.33,6.33,-0.80,7.90,17.10,1.88,10.63,14.37,0.70,35.00,21.43,NA,,16,,E10,B-0064,WGS_i7_586,GTTGGAAT,B-0035,WGS_i5_480,GATCTTAA,TTAAGATC
78,1,F10,329_070_5_1,27.84,1.89,1.76,13.09,2,50,5.67,11.34,1.75,8.80,16.20,1.76,11.33,13.67,0.76,38.05,19.71,NA,,16,,F10,B-0064,WGS_i7_586,GTTGGAAT,B-0036,WGS_i5_566,GGTTGAGG,CCTCAACC
79,1,G10,BLANK,0,0,0,0,1,0,-0.04,-0.04,0.04,24.00,1.00,0.01,24.00,1.00,0.00,0.00,1.00,NA,,16,,G10,B-0064,WGS_i7_586,GTTGGAAT,B-0037,WGS_i5_577,GTCAGGCT,AGCCTGAC
80,1,H10,777_228_5_4,11.47,1.7,0.97,4.89,1,0,5.44,5.44,-0.55,9.20,15.80,1.92,10.44,14.56,0.25,12.60,25.00,NA,,16,,H10,B-0064,WGS_i7_586,GTTGGAAT,B-0038,WGS_i5_651,TCGCCGTA,TACGGCGA
81,1,A11,355_077_1_2,16.3,1.88,1.63,11.4,1,0,11.64,11.64,-0.24,4.30,20.70,2.26,8.85,16.15,0.39,19.30,25.00,NA,,16,,A11,B-0065,WGS_i7_673,TGCGTATC,B-0031,WGS_i5_3,AACCATGC,GCATGGTT
82,1,B11,360_078_1_3,8.812,1.82,1.01,5.7,1,0,7.18,7.18,-1.48,7.00,18.00,1.95,10.26,14.74,0.92,45.85,16.36,NA,,16,,B11,B-0065,WGS_i7_673,TGCGTATC,B-0032,WGS_i5_139,AGAGCCTG,CAGGCTCT
83,1,C11,428_114_1_2,9.628,1.85,1.39,6.03,1,0,5.67,5.67,0.36,8.80,16.20,1.74,11.51,13.49,0.85,42.40,17.69,NA,,16,,C11,B-0065,WGS_i7_673,TGCGTATC,B-0033,WGS_i5_197,ATAGCCAT,ATGGCTAT
84,1,D11,444_115_2_1,13.02,1.95,1.45,8.58,1,0,8.81,8.81,-0.23,5.70,19.30,1.88,10.62,14.38,0.79,39.55,18.96,NA,,16,,D11,B-0065,WGS_i7_673,TGCGTATC,B-0034,WGS_i5_321,CCGTAACC,GGTTACGG
85,1,E11,460_116_3_1,25.19,1.95,1.18,11.59,1,0,13.17,13.17,-1.58,3.80,21.20,1.94,10.32,14.68,0.86,42.85,17.50,NA,,16,,E11,B-0065,WGS_i7_673,TGCGTATC,B-0035,WGS_i5_480,GATCTTAA,TTAAGATC
86,1,F11,478_117_5_2,26.07,1.86,1.64,16.1,2,50,7.43,14.86,1.24,6.70,18.30,1.70,11.74,13.26,0.82,40.85,18.36,NA,,16,,F11,B-0065,WGS_i7_673,TGCGTATC,B-0036,WGS_i5_566,GGTTGAGG,CCTCAACC
87,1,G11,524_125_1_1,30.97,1.89,2.03,18.9,2,50,8.04,16.09,2.81,6.20,18.80,1.90,10.50,14.50,0.77,38.45,19.51,NA,,16,,G11,B-0065,WGS_i7_673,TGCGTATC,B-0037,WGS_i5_577,GTCAGGCT,AGCCTGAC
88,1,H11,539_128_5_1,29.48,1.81,1.79,18.54,2,50,6.95,13.89,4.65,7.20,17.80,1.93,10.36,14.64,0.85,42.30,17.73,NA,,16,,H11,B-0065,WGS_i7_673,TGCGTATC,B-0038,WGS_i5_651,TCGCCGTA,TACGGCGA
89,1,A12,529_126_1_4,9.841,1.75,1.21,5.54,1,0,5.81,5.81,-0.27,8.60,16.40,2.10,9.51,15.49,0.57,28.50,25.00,NA,,16,,A12,B-0066,WGS_i7_744,TTGCTTGC,B-0031,WGS_i5_3,AACCATGC,GCATGGTT
90,1,B12,534_127_3_3,19.43,1.91,1.84,12.04,1,0,12.77,12.77,-0.73,3.90,21.10,2.05,9.77,15.23,0.71,35.30,21.25,NA,,16,,B12,B-0066,WGS_i7_744,TTGCTTGC,B-0032,WGS_i5_139,AGAGCCTG,CAGGCTCT
91,1,C12,555_161_5_2,18.86,1.87,1.69,9.97,1,0,10.13,10.13,-0.16,4.90,20.10,1.92,10.43,14.57,0.89,44.50,16.85,NA,,16,,C12,B-0066,WGS_i7_744,TTGCTTGC,B-0033,WGS_i5_197,ATAGCCAT,ATGGCTAT
92,1,D12,560_164_1_2,11.1,2.37,1.41,6.63,1,0,6.61,6.61,0.02,7.60,17.40,1.96,10.20,14.80,0.94,46.85,16.01,NA,,16,,D12,B-0066,WGS_i7_744,TTGCTTGC,B-0034,WGS_i5_321,CCGTAACC,GGTTACGG
93,1,E12,565_165_1_4,7.324,1.99,1.01,3.62,1,0,3.36,3.36,0.26,14.90,10.10,1.86,10.78,14.22,0.97,48.65,15.42,NA,,16,,E12,B-0066,WGS_i7_744,TTGCTTGC,B-0035,WGS_i5_480,GATCTTAA,TTAAGATC
94,1,F12,570_166_3_1,29.56,2.03,2.09,21.54,3,100,5.91,17.74,3.80,8.50,16.50,1.71,11.72,13.28,0.54,27.15,25.00,NA,,16,,F12,B-0066,WGS_i7_744,TTGCTTGC,B-0036,WGS_i5_566,GGTTGAGG,CCTCAACC
95,1,G12,691_176_5_3,16.94,1.96,1.96,11.33,1,0,12.65,12.65,-1.32,4.00,21.00,1.99,10.06,14.94,1.02,50.85,14.75,NA,,16,,G12,B-0066,WGS_i7_744,TTGCTTGC,B-0037,WGS_i5_577,GTCAGGCT,AGCCTGAC
96,1,H12,BLANK1,0,0,0,0,1,0,-0.04,-0.04,0.04,24.00,1.00,0.01,24.00,1.00,0.00,0.00,1.00,NA,,16,,H12,B-0066,WGS_i7_744,TTGCTTGC,B-0038,WGS_i5_651,TCGCCGTA,TACGGCGA
97,2,A01,576_168_1_1,13.95,1.91,1.77,7.84,1,0,10.98,10.98,-3.14,4.60,20.40,2.23,8.95,16.05,1.35,67.50,11.11,10.1,6.4,16,GXII results for plate 2 are bad.,A01,B-0086,WGS_I7_2,AACCAGGT,B-0031,WGS_i5_3,AACCATGC,GCATGGTT
98,2,B01,025_013_1_3,13.73,1.93,1.3,7.46,1,0,9.92,9.92,-2.46,5.00,20.00,2.12,9.44,15.56,0.79,39.50,18.99,9.97,6.5,16,,B01,B-0086,WGS_I7_2,AACCAGGT,B-0032,WGS_i5_139,AGAGCCTG,CAGGCTCT
99,2,C01,039_014_2_1,46.59,1.94,2.05,28.46,3,100,11.58,34.75,-6.29,4.30,20.70,1.77,11.28,13.72,2.16,107.90,6.95,8.44,7.7,16,,C01,B-0086,WGS_I7_2,AACCAGGT,B-0033,WGS_i5_197,ATAGCCAT,ATGGCTAT
100,2,D01,112_021_1_3,20.05,1.89,1.6,11.22,1,0,15.56,15.56,-4.34,3.20,21.80,2.19,9.15,15.85,3.72,186.20,4.03,7.92,8.2,16,,D01,B-0086,WGS_I7_2,AACCAGGT,B-0034,WGS_i5_321,CCGTAACC,GGTTACGG
101,2,E01,117_022_3_3,19.93,2.02,1.64,11.35,1,0,14.07,14.07,-2.72,3.60,21.40,2.28,8.78,16.22,8.21,410.60,1.83,8.49,7.7,16,,E01,B-0086,WGS_I7_2,AACCAGGT,B-0035,WGS_i5_480,GATCTTAA,TTAAGATC
102,2,F01,122_024_5_1,16.78,1.97,1.82,9,1,0,11.75,11.75,-2.75,4.30,20.70,2.23,8.96,16.04,2.47,123.40,6.08,8.32,7.8,16,,F01,B-0086,WGS_I7_2,AACCAGGT,B-0036,WGS_i5_566,GGTTGAGG,CCTCAACC
103,2,G01,127_026_1_3,14.99,1.97,1.78,8.28,1,0,11.36,11.36,-3.08,4.40,20.60,2.10,9.51,15.49,2.27,113.70,6.60,7.84,8.3,16,,G01,B-0086,WGS_I7_2,AACCAGGT,B-0037,WGS_i5_577,GTCAGGCT,AGCCTGAC
104,2,H01,153_033_2_1,15.21,2.01,2.01,8.16,1,0,10.84,10.84,-2.68,4.60,20.40,2.13,9.40,15.60,1.79,89.40,8.39,7.47,8.7,16,,H01,B-0086,WGS_I7_2,AACCAGGT,B-0038,WGS_i5_651,TCGCCGTA,TACGGCGA
105,2,A02,169_034_3_1,24.96,1.9,1.95,13.81,2,50,9.27,18.53,-4.72,5.40,19.60,1.77,11.29,13.71,1.01,50.70,14.79,8.66,7.5,16,,A02,B-0087,WGS_I7_19,AAGAACCG,B-0031,WGS_i5_3,AACCATGC,GCATGGTT
106,2,B02,188_039_5_2,4.515,1.65,0.85,7.6,1,0,7.91,7.91,-0.31,6.30,18.70,1.88,10.64,14.36,1.00,50.00,15.00,8.85,7.3,16,,B02,B-0087,WGS_I7_19,AAGAACCG,B-0032,WGS_i5_139,AGAGCCTG,CAGGCTCT
107,2,C02,203_042_1_2,7.374,1.85,1.02,2.88,1,0,4.28,4.28,-1.40,11.70,13.30,2.05,9.74,15.26,2.24,112.20,6.68,8.86,7.3,16,,C02,B-0087,WGS_I7_19,AAGAACCG,B-0033,WGS_i5_197,ATAGCCAT,ATGGCTAT
108,2,D02,252_051_1_4,17.09,1.88,1.51,8.37,1,0,10.32,10.32,-1.95,4.80,20.20,2.13,9.40,15.60,2.82,141.00,5.32,7.66,8.5,16,,D02,B-0087,WGS_I7_19,AAGAACCG,B-0034,WGS_i5_321,CCGTAACC,GGTTACGG
109,2,E02,257_052_3_3,21.13,1.86,1.6,10.28,1,0,13.86,13.86,-3.58,3.60,21.40,2.14,9.34,15.66,5.54,277.00,2.71,7.75,8.4,16,,E02,B-0087,WGS_I7_19,AAGAACCG,B-0035,WGS_i5_480,GATCTTAA,TTAAGATC
110,2,F02,262_053_5_4,14,2.02,2,7.62,1,0,9.20,9.20,-1.58,5.40,19.60,2.36,8.48,16.52,3.08,153.80,4.88,7.99,8.1,16,,F02,B-0087,WGS_I7_19,AAGAACCG,B-0036,WGS_i5_566,GGTTGAGG,CCTCAACC
111,2,G02,267_055_1_2,10.96,1.72,1.23,5.58,1,0,7.35,7.35,-1.77,6.80,18.20,1.85,10.81,14.19,2.86,143.20,5.24,7.19,9,16,,G02,B-0087,WGS_I7_19,AAGAACCG,B-0037,WGS_i5_577,GTCAGGCT,AGCCTGAC
112,2,H02,294_061_1_3,17.99,2.04,1.77,9.6,1,0,12.15,12.15,-2.55,4.10,20.90,2.02,9.91,15.09,3.17,158.30,4.74,6.82,9.5,16,,H02,B-0087,WGS_I7_19,AAGAACCG,B-0038,WGS_i5_651,TCGCCGTA,TACGGCGA
113,2,A03,299_062_3_2,23.26,1.91,2.01,13.97,2,50,9.48,18.97,-5.00,5.30,19.70,1.74,11.51,13.49,0.43,21.60,34.72,9.63,6.8,16,,A03,B-0088,WGS_I7_20,AAGACCGC,B-0031,WGS_i5_3,AACCATGC,GCATGGTT
114,2,B03,304_063_5_4,22.47,1.87,1.54,12.72,1,0,18.19,18.19,-5.47,2.70,22.30,2.23,8.95,16.05,0.58,28.90,25.95,6.48,10,16,,B03,B-0088,WGS_I7_20,AAGACCGC,B-0032,WGS_i5_139,AGAGCCTG,CAGGCTCT
115,2,C03,309_065_1_1,11.96,2.02,1.11,5.55,1,0,7.32,7.32,-1.77,6.80,18.20,2.29,8.72,16.28,1.93,96.70,7.76,8.3,7.8,16,,C03,B-0088,WGS_I7_20,AAGACCGC,B-0033,WGS_i5_197,ATAGCCAT,ATGGCTAT
116,2,D03,578_168_2_1,15.13,1.84,1.4,7.61,1,0,9.94,9.94,-2.33,5.00,20.00,2.07,9.67,15.33,2.53,126.60,5.92,8.47,7.7,16,,D03,B-0088,WGS_I7_20,AAGACCGC,B-0034,WGS_i5_321,CCGTAACC,GGTTACGG
117,2,E03,336_072_1_2,12.26,2.12,1.05,6.05,1,0,8.97,8.97,-2.92,5.60,19.40,1.71,11.73,13.27,7.61,380.60,1.97,8.45,7.7,16,,E03,B-0088,WGS_I7_20,AAGACCGC,B-0035,WGS_i5_480,GATCTTAA,TTAAGATC
118,2,F03,341_073_3_2,17,2,1.96,9.91,1,0,11.98,11.98,-2.07,4.20,20.80,2.02,9.92,15.08,2.79,139.30,5.38,7.91,8.2,16,,F03,B-0088,WGS_I7_20,AAGACCGC,B-0036,WGS_i5_566,GGTTGAGG,CCTCAACC
119,2,G03,346_074_5_2,18.29,1.85,1.68,8.94,1,0,11.35,11.35,-2.41,4.40,20.60,2.10,9.54,15.46,2.80,140.00,5.36,7.84,8.3,16,,G03,B-0088,WGS_I7_20,AAGACCGC,B-0037,WGS_i5_577,GTCAGGCT,AGCCTGAC
120,2,H03,351_076_1_1,12.68,2.48,1.49,6.7,1,0,9.12,9.12,-2.42,5.50,19.50,2.04,9.81,15.19,236.16,"11,808.10",0.06,7.23,9,16,,H03,B-0088,WGS_I7_20,AAGACCGC,B-0038,WGS_i5_651,TCGCCGTA,TACGGCGA
121,2,A04,369_109_2_1,9.756,2.1,1.63,7.6,1,0,5.30,5.30,2.30,9.40,15.60,1.81,11.07,13.93,0.57,28.60,26.22,6.74,9.6,16,,A04,B-0089,WGS_I7_309,CCTAGATA,B-0031,WGS_i5_3,AACCATGC,GCATGGTT
122,2,B04,385_110_4_1,10.43,2.07,1.25,5.12,1,0,6.86,6.86,-1.74,7.30,17.70,1.92,10.43,14.57,0.55,27.60,27.17,9.11,7.1,16,,B04,B-0089,WGS_I7_309,CCTAGATA,B-0032,WGS_i5_139,AGAGCCTG,CAGGCTCT
123,2,C04,400_111_5_1,35.5,1.83,1.72,19.61,2,50,11.09,22.17,-2.56,4.50,20.50,2.03,9.83,15.17,1.66,83.10,9.03,7.69,8.5,16,,C04,B-0089,WGS_I7_309,CCTAGATA,B-0033,WGS_i5_197,ATAGCCAT,ATGGCTAT
124,2,D04,416_113_1_3,14.28,1.83,1.3,7.2,1,0,8.60,8.60,-1.40,5.80,19.20,2.23,8.96,16.04,2.15,107.70,6.96,7.97,8.2,16,,D04,B-0089,WGS_I7_309,CCTAGATA,B-0034,WGS_i5_321,CCGTAACC,GGTTACGG
125,2,E04,056_015_3_3,12.23,1.89,1.26,6.18,1,0,7.76,7.76,-1.58,6.40,18.60,2.15,9.32,15.68,2.27,113.40,6.61,7.98,8.1,16,,E04,B-0089,WGS_I7_309,CCTAGATA,B-0035,WGS_i5_480,GATCTTAA,TTAAGATC
126,2,F04,073_016_5_4,37.24,1.84,2.11,19.19,2,50,10.51,21.03,-1.84,4.80,20.20,1.91,10.46,14.54,2.50,124.80,6.01,7.97,8.2,16,,F04,B-0089,WGS_I7_309,CCTAGATA,B-0036,WGS_i5_566,GGTTGAGG,CCTCAACC
127,2,G04,086_018_1_2,13.96,1.94,1.42,7.21,1,0,10.33,10.33,-3.12,4.80,20.20,1.71,11.69,13.31,2.50,124.80,6.01,7.33,8.9,16,,G04,B-0089,WGS_I7_309,CCTAGATA,B-0037,WGS_i5_577,GTCAGGCT,AGCCTGAC
128,2,H04,101_020_2_1,10.42,2.23,1.54,5.48,1,0,7.36,7.36,-1.88,6.80,18.20,1.95,10.23,14.77,0.00,0.00,#DIV/0!,5.28,11,16,,H04,B-0089,WGS_I7_309,CCTAGATA,B-0038,WGS_i5_651,TCGCCGTA,TACGGCGA
129,2,A05,505_120_1_2,9.683,1.72,1.44,3.31,1,0,7.17,7.17,-3.86,7.00,18.00,1.94,10.33,14.67,0.47,23.40,32.05,6.1,10.7,16,,A05,B-0090,WGS_I7_381,CGTTCCAT,B-0031,WGS_i5_3,AACCATGC,GCATGGTT
130,2,B05,510_121_3_2,12.68,1.83,1.61,6.06,1,0,7.46,7.46,-1.40,6.70,18.30,2.27,8.80,16.20,1.38,69.10,10.85,8.09,8,16,,B05,B-0090,WGS_I7_381,CGTTCCAT,B-0032,WGS_i5_139,AGAGCCTG,CAGGCTCT
131,2,C05,515_122_5_4,28.25,1.92,1.82,12.72,1,0,15.83,15.83,-3.11,3.20,21.80,2.45,8.15,16.85,1.91,95.70,7.84,7.92,8.2,16,,C05,B-0090,WGS_I7_381,CGTTCCAT,B-0033,WGS_i5_197,ATAGCCAT,ATGGCTAT
132,2,D05,520_124_1_2,14.35,1.98,1.41,6.99,1,0,7.89,7.89,-0.90,6.30,18.70,2.40,8.32,16.68,2.33,116.50,6.44,7.69,8.5,16,,D05,B-0090,WGS_I7_381,CGTTCCAT,B-0034,WGS_i5_321,CCGTAACC,GGTTACGG
133,2,E05,541_158_1_3,12.73,2.08,1.4,6.21,1,0,7.77,7.77,-1.56,6.40,18.60,2.29,8.73,16.27,11.46,573.20,1.31,7.63,8.5,16,,E05,B-0090,WGS_I7_381,CGTTCCAT,B-0035,WGS_i5_480,GATCTTAA,TTAAGATC
134,2,F05,546_159_3_1_d1,14.43,1.97,1.73,6.1,1,0,8.82,8.82,-2.72,5.70,19.30,1.81,11.05,13.95,2.52,125.80,5.96,7.79,8.3,16,,F05,B-0090,WGS_I7_381,CGTTCCAT,B-0036,WGS_i5_566,GGTTGAGG,CCTCAACC
135,2,G05,582_168_3_1,13.94,1.78,1.52,6.82,1,0,9.13,9.13,-2.31,5.50,19.50,2.18,9.18,15.82,2.48,124.10,6.04,6.68,9.7,16,,G05,B-0090,WGS_I7_381,CGTTCCAT,B-0037,WGS_i5_577,GTCAGGCT,AGCCTGAC
136,2,H05,551_160_5_3,13.52,2.1,1.36,6.71,1,0,8.62,8.62,-1.91,5.80,19.20,2.08,9.62,15.38,0.00,0.00,#DIV/0!,7.55,8.6,16,,H05,B-0090,WGS_I7_381,CGTTCCAT,B-0038,WGS_i5_651,TCGCCGTA,TACGGCGA
137,2,A06,132_028_1_3,11.13,1.67,1.2,6.45,1,0,8.36,8.36,-1.91,6.00,19.00,1.92,10.43,14.57,0.53,26.60,28.20,7.63,8.5,16,,A06,B-0091,WGS_I7_423,CTGGTTCG,B-0031,WGS_i5_3,AACCATGC,GCATGGTT
138,2,B06,137_029_3_2,7.762,1.94,0.86,6.1,1,0,7.05,7.05,-0.95,7.10,17.90,1.90,10.55,14.45,1.17,58.50,12.82,7.63,8.5,16,,B06,B-0091,WGS_I7_423,CTGGTTCG,B-0032,WGS_i5_139,AGAGCCTG,CAGGCTCT
139,2,C06,142_030_5_2,30.26,1.82,2.08,15.98,2,50,7.87,15.74,0.24,6.40,18.60,2.18,9.18,15.82,2.16,108.20,6.93,7.32,8.9,16,,C06,B-0091,WGS_I7_423,CTGGTTCG,B-0033,WGS_i5_197,ATAGCCAT,ATGGCTAT
140,2,D06,147_032_1_2,20.44,1.9,1.93,10.57,1,0,12.58,12.58,-2.01,4.00,21.00,2.41,8.29,16.71,2.36,117.90,6.36,6.63,9.8,16,,D06,B-0091,WGS_I7_423,CTGGTTCG,B-0034,WGS_i5_321,CCGTAACC,GGTTACGG
141,2,E06,182_039_3_1_d3,17.77,2.15,1.76,9.74,1,0,12.48,12.48,-2.74,4.00,21.00,2.21,9.06,15.94,6.54,326.90,2.29,7.8,8.3,16,,E06,B-0091,WGS_I7_423,CTGGTTCG,B-0035,WGS_i5_480,GATCTTAA,TTAAGATC
142,2,F06,594_169_3_1,24.75,1.9,2.16,14.06,2,50,7.68,15.35,-1.29,6.50,18.50,1.76,11.37,13.63,2.68,134.10,5.59,7.42,8.8,16,,F06,B-0091,WGS_I7_423,CTGGTTCG,B-0036,WGS_i5_566,GGTTGAGG,CCTCAACC
143,2,G06,746_221_1_3,12.55,2.18,1.76,7.34,1,0,8.63,8.63,-1.29,5.80,19.20,2.26,8.86,16.14,2.44,121.80,6.16,7.32,8.9,16,,G06,B-0091,WGS_I7_423,CTGGTTCG,B-0037,WGS_i5_577,GTCAGGCT,AGCCTGAC
144,2,H06,612_170_5_2,21.87,1.99,2.27,11.57,1,0,15.87,15.87,-4.30,3.20,21.80,2.15,9.29,15.71,0.00,0.00,#DIV/0!,7.06,9.2,16,,H06,B-0091,WGS_I7_423,CTGGTTCG,B-0038,WGS_i5_651,TCGCCGTA,TACGGCGA
145,2,A07,272_056_1_3,10.99,1.8,1.07,6.3,1,0,7.09,7.09,-0.79,7.00,18.00,1.88,10.62,14.38,0.58,29.20,25.68,8.44,7.7,16,,A07,B-0092,WGS_I7_533,GGATTACC,B-0031,WGS_i5_3,AACCATGC,GCATGGTT
146,2,B07,277_057_3_1,20.7,1.88,1.76,10.95,1,0,15.30,15.30,-4.35,3.30,21.70,1.77,11.32,13.68,1.14,57.20,13.11,8.33,7.8,16,,B07,B-0092,WGS_I7_533,GGATTACC,B-0032,WGS_i5_139,AGAGCCTG,CAGGCTCT
147,2,C07,282_058_5_2,17.09,1.89,1.56,7.31,1,0,10.47,10.47,-3.16,4.80,20.20,1.86,10.76,14.24,2.01,100.40,7.47,8.11,8,16,,C07,B-0092,WGS_I7_533,GGATTACC,B-0033,WGS_i5_197,ATAGCCAT,ATGGCTAT
148,2,D07,288_060_1_2,16.29,1.86,1.76,8.68,1,0,12.49,12.49,-3.81,4.00,21.00,1.76,11.34,13.66,2.43,121.50,6.17,8.07,8.1,16,,D07,B-0092,WGS_I7_533,GGATTACC,B-0034,WGS_i5_321,CCGTAACC,GGTTACGG
149,2,E07,627_172_1_2,6.479,1.91,1.15,6.3,1,0,6.50,6.50,-0.20,7.70,17.30,1.91,10.49,14.51,6.37,318.40,2.36,8.34,7.8,16,,E07,B-0092,WGS_I7_533,GGATTACC,B-0035,WGS_i5_480,GATCTTAA,TTAAGATC
150,2,F07,641_173_2_1,47.67,1.84,1.99,24.86,3,100,9.43,28.30,-3.44,5.30,19.70,1.56,12.78,12.22,2.61,130.70,5.74,7.99,8.1,16,,F07,B-0092,WGS_I7_533,GGATTACC,B-0036,WGS_i5_566,GGTTGAGG,CCTCAACC
151,2,G07,750_222_1_4,18.79,1.93,2.06,9.63,1,0,14.02,14.02,-4.39,3.60,21.40,1.72,11.66,13.34,2.51,125.50,5.98,8.17,8,16,,G07,B-0092,WGS_I7_533,GGATTACC,B-0037,WGS_i5_577,GTCAGGCT,AGCCTGAC
152,2,H07,704_201_1_4,14.4,2.24,2.05,7.43,1,0,10.30,10.30,-2.87,4.90,20.10,1.81,11.06,13.94,14.28,714.00,1.05,7.93,8.2,16,,H07,B-0092,WGS_I7_533,GGATTACC,B-0038,WGS_i5_651,TCGCCGTA,TACGGCGA
153,2,A08,709_202_3_2,8.947,1.75,1.08,6.6,1,0,6.40,6.40,0.20,7.80,17.20,1.90,10.53,14.47,0.57,28.40,26.41,7.68,8.5,16,,A08,B-0093,WGS_I7_546,GGTATCTA,B-0031,WGS_i5_3,AACCATGC,GCATGGTT
154,2,B08,715_203_5_2,16.21,1.93,1.47,6.01,1,0,9.02,9.02,-3.01,5.50,19.50,1.63,12.29,12.71,0.84,42.20,17.77,8.16,8,16,,B08,B-0093,WGS_I7_546,GGTATCTA,B-0032,WGS_i5_139,AGAGCCTG,CAGGCTCT
155,2,C08,720_205_1_1,15.13,2.01,1.5,6.09,1,0,8.34,8.34,-2.25,6.00,19.00,1.82,10.96,14.04,2.25,112.70,6.65,7.76,8.4,16,,C08,B-0093,WGS_I7_546,GGTATCTA,B-0033,WGS_i5_197,ATAGCCAT,ATGGCTAT
156,2,D08,753_223_1_1,13.41,1.87,1.01,4.95,1,0,3.41,3.41,1.54,14.70,10.30,2.23,8.99,16.01,2.24,112.00,6.70,7.97,8.2,16,,D08,B-0093,WGS_I7_546,GGTATCTA,B-0034,WGS_i5_321,CCGTAACC,GGTTACGG
157,2,E08,217_044_2_1,33.43,1.86,1.53,15.73,2,50,10.58,21.17,-5.44,4.70,20.30,1.69,11.86,13.14,6.89,344.30,2.18,7.31,8.9,16,,E08,B-0093,WGS_I7_546,GGTATCTA,B-0035,WGS_i5_480,GATCTTAA,TTAAGATC
158,2,F08,233_045_3_1,29.47,1.97,0.71,6.3,1,0,5.75,5.75,0.55,8.70,16.30,1.86,10.75,14.25,2.62,130.90,5.73,7.73,8.4,16,,F08,B-0093,WGS_I7_546,GGTATCTA,B-0036,WGS_i5_566,GGTTGAGG,CCTCAACC
159,2,G08,250_046_5_2,19.31,1.94,1.38,6.13,1,0,8.77,8.77,-2.64,5.70,19.30,1.73,11.58,13.42,2.54,127.10,5.90,8.13,8,16,,G08,B-0093,WGS_I7_546,GGTATCTA,B-0037,WGS_i5_577,GTCAGGCT,AGCCTGAC
160,2,H08,758_224_1_4,9.524,2.5,1.17,3.82,1,0,6.45,6.45,-2.63,7.80,17.20,1.94,10.29,14.71,0.55,27.50,27.27,7.86,8.3,16,,H08,B-0093,WGS_I7_546,GGTATCTA,B-0038,WGS_i5_651,TCGCCGTA,TACGGCGA
161,2,A09,762_225_1_4,14.41,1.77,1.3,7,1,0,8.35,8.35,-1.35,6.00,19.00,2.08,9.63,15.37,0.56,28.00,26.79,7.04,9.2,16,,A09,B-0094,WGS_I7_571,GTCGCTAG,B-0031,WGS_i5_3,AACCATGC,GCATGGTT
162,2,B09,588_168_5_2b,20.31,1.9,1.09,8.53,1,0,12.33,12.33,-3.80,4.10,20.90,1.77,11.32,13.68,0.67,33.40,22.46,7.6,8.6,16,,B09,B-0094,WGS_I7_571,GTCGCTAG,B-0032,WGS_i5_139,AGAGCCTG,CAGGCTCT
163,2,C09,725_206_1_2,15.58,1.95,1.28,6.22,1,0,8.75,8.75,-2.53,5.70,19.30,1.59,12.54,12.46,2.02,101.10,7.42,7.14,9.1,16,,C09,B-0094,WGS_I7_571,GTCGCTAG,B-0033,WGS_i5_197,ATAGCCAT,ATGGCTAT
164,2,D09,730_207_3_3,10.89,1.95,1.22,5.95,1,0,7.09,7.09,-1.14,7.10,17.90,2.02,9.91,15.09,2.28,114.00,6.58,6.88,9.5,16,,D09,B-0094,WGS_I7_571,GTCGCTAG,B-0034,WGS_i5_321,CCGTAACC,GGTTACGG
165,2,E09,735_208_5_2,18.12,1.88,1.39,6.89,1,0,8.51,8.51,-1.62,5.90,19.10,1.85,10.81,14.19,9.75,487.30,1.54,6.86,9.5,16,,E09,B-0094,WGS_I7_571,GTCGCTAG,B-0035,WGS_i5_480,GATCTTAA,TTAAGATC
166,2,F09,740_210_1_3,16.32,1.8,1.38,6.78,1,0,9.38,9.38,-2.60,5.30,19.70,1.83,10.90,14.10,2.44,122.00,6.15,7.53,8.6,16,,F09,B-0094,WGS_I7_571,GTCGCTAG,B-0036,WGS_i5_566,GGTTGAGG,CCTCAACC
167,2,G09,BLANK2,0,0,0,0,1,0,-0.04,-0.04,0.04,24.00,1.00,-0.09,24.00,1.00,1.14,56.80,13.20,0.88,1,16,,G09,B-0094,WGS_I7_571,GTCGCTAG,B-0037,WGS_i5_577,GTCAGGCT,AGCCTGAC
168,2,H09,774_228_1_1,19.98,2.02,2.08,11.2,1,0,13.56,13.56,-2.36,3.70,21.30,2.06,9.71,15.29,0.09,4.60,163.04,7.12,9.1,16,,H09,B-0094,WGS_I7_571,GTCGCTAG,B-0038,WGS_i5_651,TCGCCGTA,TACGGCGA
169,2,A10,658_174_3_1,10.62,1.83,0.87,4.6,1,0,6.29,6.29,-1.69,7.90,17.10,1.97,10.13,14.87,0.70,35.20,21.31,7.59,8.6,16,,A10,B-0095,WGS_I7_627,TCAGAGAT,B-0031,WGS_i5_3,AACCATGC,GCATGGTT
170,2,B10,678_175_5_4,21.61,1.86,1.48,9.29,1,0,11.02,11.02,-1.73,4.50,20.50,1.87,10.71,14.29,0.77,38.50,19.48,6.81,9.5,16,,B10,B-0095,WGS_I7_627,TCAGAGAT,B-0032,WGS_i5_139,AGAGCCTG,CAGGCTCT
171,2,C10,315_066_1_2,11.42,2.11,1.55,4.7,1,0,6.32,6.32,-1.62,7.90,17.10,1.81,11.04,13.96,2.02,101.00,7.43,7.52,8.6,16,,C10,B-0095,WGS_I7_627,TCAGAGAT,B-0033,WGS_i5_197,ATAGCCAT,ATGGCTAT
172,2,D10,320_068_3_2,18.87,1.88,1.56,6.88,1,0,9.46,9.46,-2.58,5.30,19.70,1.89,10.56,14.44,2.15,107.60,6.97,6.86,9.5,16,,D10,B-0095,WGS_I7_627,TCAGAGAT,B-0034,WGS_i5_321,CCGTAACC,GGTTACGG
173,2,E10,325_069_5_3,19.89,1.81,1.36,8.76,1,0,10.42,10.42,-1.66,4.80,20.20,1.76,11.40,13.60,12.69,634.60,1.18,7.15,9.1,16,,E10,B-0095,WGS_I7_627,TCAGAGAT,B-0035,WGS_i5_480,GATCTTAA,TTAAGATC
174,2,F10,330_071_1_1,7.017,2.15,1.39,5.55,1,0,6.72,6.72,-1.17,7.40,17.60,1.75,11.44,13.56,2.47,123.60,6.07,7.64,8.5,16,,F10,B-0095,WGS_I7_627,TCAGAGAT,B-0036,WGS_i5_566,GGTTGAGG,CCTCAACC
175,2,G10,492_119_1_3,18.09,1.95,1.86,8.61,1,0,10.80,10.80,-2.19,4.60,20.40,1.83,10.91,14.09,1.36,68.00,11.03,7.57,8.6,16,,G10,B-0095,WGS_I7_627,TCAGAGAT,B-0037,WGS_i5_577,GTCAGGCT,AGCCTGAC
176,2,H10,778_229_1_1,6.04,2.21,0.83,5.25,1,0,2.91,2.91,2.34,17.20,7.80,1.91,10.48,14.52,0.00,0.00,#DIV/0!,6.96,9.3,16,,H10,B-0095,WGS_I7_627,TCAGAGAT,B-0038,WGS_i5_651,TCGCCGTA,TACGGCGA
177,2,A11,356_077_1_3,8.616,1.94,0.9,4.31,1,0,3.98,3.98,0.33,12.60,12.40,2.04,9.78,15.22,0.48,24.20,30.99,7.53,8.6,16,,A11,B-0096,WGS_I7_652,TCTATGGA,B-0031,WGS_i5_3,AACCATGC,GCATGGTT
178,2,B11,361_078_5_2,11.28,1.8,0.68,3.82,1,0,8.93,8.93,-5.11,5.60,19.40,2.03,9.86,15.14,0.56,28.20,26.60,7.67,8.5,16,,B11,B-0096,WGS_I7_652,TCTATGGA,B-0032,WGS_i5_139,AGAGCCTG,CAGGCTCT
179,2,C11,430_114_2_1,19.96,1.85,1.54,14.2,2,50,6.90,13.80,0.40,7.20,17.80,1.70,11.76,13.24,1.63,81.40,9.21,7.33,8.9,16,,C11,B-0096,WGS_I7_652,TCTATGGA,B-0033,WGS_i5_197,ATAGCCAT,ATGGCTAT
180,2,D11,447_115_3_1,19.41,1.89,1.73,10.26,1,0,12.48,12.48,-2.22,4.00,21.00,1.78,11.22,13.78,2.12,105.90,7.08,6.76,9.6,16,,D11,B-0096,WGS_I7_652,TCTATGGA,B-0034,WGS_i5_321,CCGTAACC,GGTTACGG
181,2,E11,465_116_5_4,18.84,1.85,1.15,7.59,1,0,7.87,7.87,-0.28,6.40,18.60,1.74,11.52,13.48,13.68,684.10,1.10,7.97,8.2,16,,E11,B-0096,WGS_I7_652,TCTATGGA,B-0035,WGS_i5_480,GATCTTAA,TTAAGATC
182,2,F11,479_118_1_2,7.829,1.56,0.82,3.5,1,0,4.03,4.03,-0.53,12.40,12.60,1.91,10.48,14.52,2.47,123.60,6.07,8.49,7.7,16,,F11,B-0096,WGS_I7_652,TCTATGGA,B-0036,WGS_i5_566,GGTTGAGG,CCTCAACC
183,2,G11,525_125_1_4,11.11,2.03,2.02,7.89,1,0,10.34,10.34,-2.45,4.80,20.20,1.87,10.68,14.32,2.47,123.50,6.07,8.29,7.8,16,,G11,B-0096,WGS_I7_652,TCTATGGA,B-0037,WGS_i5_577,GTCAGGCT,AGCCTGAC
184,2,H11,BLANK3,0,0,0,0,1,0,-0.05,-0.05,0.05,24.00,1.00,-0.09,24.00,1.00,0.00,0.00,#DIV/0!,0.89,1,16,,H11,B-0096,WGS_I7_652,TCTATGGA,B-0038,WGS_i5_651,TCGCCGTA,TACGGCGA
185,2,A12,530_126_3_3,10.22,2.04,1.61,7.13,1,0,5.61,5.61,1.52,8.90,16.10,2.14,9.34,15.66,0.72,35.80,20.95,6.88,9.5,16,,A12,B-0097,WGS_I7_666,TGAGGTTC,B-0031,WGS_i5_3,AACCATGC,GCATGGTT
186,2,B12,535_127_5_4,13.78,1.87,1.57,11.13,1,0,10.04,10.04,1.09,5.00,20.00,1.82,11.02,13.98,0.42,21.20,35.38,6.3,10.3,16,,B12,B-0097,WGS_I7_666,TGAGGTTC,B-0032,WGS_i5_139,AGAGCCTG,CAGGCTCT
187,2,C12,556_162_1_1,9.659,1.91,1.04,7.14,1,0,5.43,5.43,1.71,9.20,15.80,2.06,9.72,15.28,1.78,89.20,8.41,6.92,9.4,16,,C12,B-0097,WGS_I7_666,TGAGGTTC,B-0033,WGS_i5_197,ATAGCCAT,ATGGCTAT
188,2,D12,561_164_1_4,14.54,1.75,1.3,10.45,1,0,9.17,9.17,1.28,5.50,19.50,1.88,10.61,14.39,1.84,91.80,8.17,4.73,11,16,,D12,B-0097,WGS_I7_666,TGAGGTTC,B-0034,WGS_i5_321,CCGTAACC,GGTTACGG
189,2,E12,566_165_3_1,11.83,2.16,1.59,11.32,1,0,10.52,10.52,0.80,4.80,20.20,1.83,10.92,14.08,0.07,3.40,220.59,6.73,9.7,16,,E12,B-0097,WGS_I7_666,TGAGGTTC,B-0035,WGS_i5_480,GATCTTAA,TTAAGATC
190,2,F12,571_166_5_2,7.685,1.7,1.15,7.1,1,0,8.01,8.01,-0.91,6.20,18.80,1.89,10.59,14.41,2.03,101.70,7.37,7.87,8.3,16,,F12,B-0097,WGS_I7_666,TGAGGTTC,B-0036,WGS_i5_566,GGTTGAGG,CCTCAACC
191,2,G12,692_177_1_1,14.8,1.74,1.37,7.67,1,0,8.49,8.49,-0.82,5.90,19.10,1.74,11.52,13.48,2.05,102.60,7.31,7.13,9.1,16,,G12,B-0097,WGS_I7_666,TGAGGTTC,B-0037,WGS_i5_577,GTCAGGCT,AGCCTGAC
192,2,H12,782_230_1_1,13.76,2.21,1.85,9.55,1,0,9.73,9.73,-0.18,5.10,19.90,1.97,10.17,14.83,0.00,0.00,#DIV/0!,7.05,9.2,16,,H12,B-0097,WGS_I7_666,TGAGGTTC,B-0038,WGS_i5_651,TCGCCGTA,TACGGCGA
193,3,A01,013_012_1_3,30.15,1.84,2,18.53,2,50,8.44,16.87,1.66,5.90,19.10,2.05,9.77,15.23,8.94,447.00,1.68,11.69,5.6,16,,A01,B-0108,WGS_i7_4,AACCGAAC,B-0031,WGS_i5_3,AACCATGC,GCATGGTT
194,3,B01,027_013_2_1,44.11,1.81,1.81,27.74,3,100,7.63,22.89,4.85,6.60,18.40,1.92,10.40,14.60,10.30,515.10,1.46,8.57,7.6,16,,B01,B-0108,WGS_i7_4,AACCGAAC,B-0032,WGS_i5_139,AGAGCCTG,CAGGCTCT
195,3,C01,042_014_3_1_d1,25.13,2.1,2.01,17.17,2,50,7.01,14.03,3.14,7.10,17.90,2.13,9.39,15.61,6.11,305.30,2.46,8.93,7.3,16,,C01,B-0108,WGS_i7_4,AACCGAAC,B-0033,WGS_i5_197,ATAGCCAT,ATGGCTAT
196,3,D01,113_021_3_3,15.34,1.93,1.53,9.95,1,0,9.95,9.95,0.00,5.00,20.00,2.30,8.70,16.30,5.72,286.20,2.62,8.26,7.9,16,,D01,B-0108,WGS_i7_4,AACCGAAC,B-0034,WGS_i5_321,CCGTAACC,GGTTACGG
197,3,E01,118_022_5_4,20.79,1.71,1.58,11.58,1,0,11.43,11.43,0.15,4.40,20.60,2.25,8.91,16.09,9.09,454.60,1.65,8.77,7.4,16,,E01,B-0108,WGS_i7_4,AACCGAAC,B-0035,WGS_i5_480,GATCTTAA,TTAAGATC
198,3,F01,123_025_1_1,17.2,1.74,1.57,13.44,2,50,5.81,11.62,1.82,8.60,16.40,1.96,10.21,14.79,13.72,686.10,1.09,8.77,7.4,16,,F01,B-0108,WGS_i7_4,AACCGAAC,B-0036,WGS_i5_566,GGTTGAGG,CCTCAACC
199,3,G01,128_026_1_4,36.95,1.9,2.09,25.98,3,100,6.89,20.67,5.31,7.30,17.70,1.85,10.83,14.17,10.23,511.40,1.47,8.19,7.9,16,,G01,B-0108,WGS_i7_4,AACCGAAC,B-0037,WGS_i5_577,GTCAGGCT,AGCCTGAC
200,3,H01,156_033_3_1,24.84,1.88,2.15,16.34,2,50,6.76,13.53,2.81,7.40,17.60,1.93,10.38,14.62,15.63,781.50,0.96,8.27,7.9,16,,H01,B-0108,WGS_i7_4,AACCGAAC,B-0038,WGS_i5_651,TCGCCGTA,TACGGCGA
201,3,A02,174_034_5_3,32.26,1.86,1.78,16.58,2,50,8.00,16.00,0.58,6.20,18.80,1.94,10.29,14.71,8.22,411.20,1.82,10.49,6.2,16,,A02,B-0109,WGS_i7_5,AACCTATA,B-0031,WGS_i5_3,AACCATGC,GCATGGTT
202,3,B02,190_040_1_1,9.628,1.4,0.73,5.64,1,0,6.08,6.08,-0.44,8.20,16.80,2.05,9.74,15.26,16.54,827.10,0.91,9.14,7.1,16,,B02,B-0109,WGS_i7_5,AACCTATA,B-0032,WGS_i5_139,AGAGCCTG,CAGGCTCT
203,3,C02,205_042_2_1,51.63,1.94,1.98,37.64,3,100,11.20,33.60,4.04,4.50,20.50,2.20,9.09,15.91,8.49,424.40,1.77,9.25,7,16,,C02,B-0109,WGS_i7_5,AACCTATA,B-0033,WGS_i5_197,ATAGCCAT,ATGGCTAT
204,3,D02,253_051_3_1,28.46,1.79,1.73,14.58,2,50,7.22,14.45,0.13,6.90,18.10,1.94,10.33,14.67,9.34,466.80,1.61,9.08,7.2,16,,D02,B-0109,WGS_i7_5,AACCTATA,B-0034,WGS_i5_321,CCGTAACC,GGTTACGG
205,3,E02,258_052_5_2,29.16,1.89,1.61,12.46,1,0,12.58,12.58,-0.12,4.00,21.00,2.14,9.36,15.64,12.79,639.60,1.17,8.97,7.2,16,,E02,B-0109,WGS_i7_5,AACCTATA,B-0035,WGS_i5_480,GATCTTAA,TTAAGATC
206,3,F02,263_054_1_2,23.63,1.9,1.78,14.26,2,50,6.91,13.81,0.45,7.20,17.80,2.03,9.84,15.16,3.00,150.10,5.00,7.77,8.4,16,,F02,B-0109,WGS_i7_5,AACCTATA,B-0036,WGS_i5_566,GGTTGAGG,CCTCAACC
207,3,G02,268_055_1_3,19.51,1.87,1.97,13.51,2,50,6.53,13.06,0.45,7.70,17.30,1.92,10.42,14.58,2.58,129.00,5.81,7.84,8.3,16,,G02,B-0109,WGS_i7_5,AACCTATA,B-0037,WGS_i5_577,GTCAGGCT,AGCCTGAC
208,3,H02,295_061_3_4,25.01,1.87,1.86,15.58,2,50,7.62,15.24,0.34,6.60,18.40,1.72,11.61,13.39,4.44,222.10,3.38,7.28,8.9,16,,H02,B-0109,WGS_i7_5,AACCTATA,B-0038,WGS_i5_651,TCGCCGTA,TACGGCGA
209,3,A03,300_062_5_4,33.89,1.9,1.68,18.9,2,50,9.79,19.58,-0.68,5.10,19.90,1.89,10.60,14.40,7.57,378.60,1.98,8.61,7.6,16,,A03,B-0110,WGS_i7_49,ACCAAGTT,B-0031,WGS_i5_3,AACCATGC,GCATGGTT
210,3,B03,305_064_1_3,23.05,1.82,1.56,13.66,2,50,7.46,14.92,-1.26,6.70,18.30,1.76,11.38,13.62,3.64,182.00,4.12,8.94,7.3,16,,B03,B-0110,WGS_i7_49,ACCAAGTT,B-0032,WGS_i5_139,AGAGCCTG,CAGGCTCT
211,3,C03,310_065_1_2,36.71,1.96,1.83,17.52,2,50,6.00,11.99,5.53,8.30,16.70,2.13,9.41,15.59,6.75,337.40,2.22,8.8,7.4,16,,C03,B-0110,WGS_i7_49,ACCAAGTT,B-0033,WGS_i5_197,ATAGCCAT,ATGGCTAT
212,3,D03,042_014_3_1_d2,27.51,1.79,1.53,17.39,2,50,8.53,17.05,0.34,5.90,19.10,2.06,9.73,15.27,2.96,147.80,5.07,8.65,7.5,16,,D03,B-0110,WGS_i7_49,ACCAAGTT,B-0034,WGS_i5_321,CCGTAACC,GGTTACGG
213,3,E03,337_072_3_4,24.06,1.75,1.54,16.56,2,50,8.88,17.76,-1.20,5.60,19.40,1.85,10.80,14.20,5.45,272.50,2.75,8.1,8,16,,E03,B-0110,WGS_i7_49,ACCAAGTT,B-0035,WGS_i5_480,GATCTTAA,TTAAGATC
214,3,F03,342_073_5_2,31.8,1.87,1.78,16.79,2,50,7.89,15.79,1.00,6.30,18.70,2.12,9.45,15.55,13.35,667.70,1.12,8.94,7.3,16,,F03,B-0110,WGS_i7_49,ACCAAGTT,B-0036,WGS_i5_566,GGTTGAGG,CCTCAACC
215,3,G03,347_075_1_2,12.6,1.84,0.91,7.33,1,0,8.58,8.58,-1.25,5.80,19.20,2.00,9.99,15.01,6.50,325.10,2.31,8.42,7.7,16,,G03,B-0110,WGS_i7_49,ACCAAGTT,B-0037,WGS_i5_577,GTCAGGCT,AGCCTGAC
216,3,H03,352_076_1_3,23.59,1.88,1.5,13.06,2,50,6.92,13.83,-0.77,7.20,17.80,1.60,12.52,12.48,2.02,101.10,7.42,8.05,8.1,16,,H03,B-0110,WGS_i7_49,ACCAAGTT,B-0038,WGS_i5_651,TCGCCGTA,TACGGCGA
217,3,A04,373_109_3_2,26.8,1.83,1.54,17.34,2,50,8.87,17.74,-0.40,5.60,19.40,1.79,11.17,13.83,6.87,343.40,2.18,9.14,7.1,16,,A04,B-0111,WGS_i7_159,ATACCTAC,B-0031,WGS_i5_3,AACCATGC,GCATGGTT
218,3,B04,388_110_4_4,27.14,1.73,1.41,18.69,2,50,9.21,18.42,0.27,5.40,19.60,1.85,10.79,14.21,3.29,164.70,4.55,8.91,7.3,16,,B04,B-0111,WGS_i7_159,ATACCTAC,B-0032,WGS_i5_139,AGAGCCTG,CAGGCTCT
219,3,C04,402_112_1_2_d2,47.09,1.89,1.91,32.4,3,100,10.30,30.91,1.49,4.90,20.10,2.03,9.84,15.16,8.96,448.00,1.67,8.75,7.4,16,,C04,B-0111,WGS_i7_159,ATACCTAC,B-0033,WGS_i5_197,ATAGCCAT,ATGGCTAT
220,3,D04,418_113_2_1,46.43,1.89,1.93,29.16,3,100,9.95,29.86,-0.70,5.00,20.00,1.89,10.58,14.42,6.95,347.70,2.16,8.13,8,16,,D04,B-0111,WGS_i7_159,ATACCTAC,B-0034,WGS_i5_321,CCGTAACC,GGTTACGG
221,3,E04,060_015_5_1,34.91,1.8,1.72,18.12,2,50,9.11,18.22,-0.10,5.50,19.50,1.86,10.75,14.25,4.59,229.70,3.27,8.1,8,16,,E04,B-0111,WGS_i7_159,ATACCTAC,B-0035,WGS_i5_480,GATCTTAA,TTAAGATC
222,3,F04,075_017_1_3,35.91,1.84,1.82,23.7,3,100,7.48,22.45,1.25,6.70,18.30,1.76,11.35,13.65,7.00,350.00,2.14,9.05,7.2,16,,F04,B-0111,WGS_i7_159,ATACCTAC,B-0036,WGS_i5_566,GGTTGAGG,CCTCAACC
223,3,G04,088_018_2_1,28.62,1.91,1.91,19.56,2,50,8.66,17.33,2.23,5.80,19.20,1.90,10.54,14.46,8.15,407.50,1.84,8.04,8.1,16,,G04,B-0111,WGS_i7_159,ATACCTAC,B-0037,WGS_i5_577,GTCAGGCT,AGCCTGAC
224,3,H04,105_020_3_2,35.5,1.93,1.86,20.55,3,100,5.36,16.07,4.48,9.30,15.70,1.70,11.80,13.20,10.29,514.60,1.46,8.01,8.1,16,,H04,B-0111,WGS_i7_159,ATACCTAC,B-0038,WGS_i5_651,TCGCCGTA,TACGGCGA
225,3,A05,506_120_3_3,25.04,1.96,1.72,15.52,2,50,6.41,12.82,2.70,7.80,17.20,1.81,11.06,13.94,8.61,430.60,1.74,8.08,8,16,,A05,B-0112,WGS_i7_371,CGGTAGGT,B-0031,WGS_i5_3,AACCATGC,GCATGGTT
226,3,B05,511_121_5_2,25.8,2,1.99,15.36,2,50,7.25,14.50,0.86,6.90,18.10,1.90,10.55,14.45,6.93,346.60,2.16,8.36,7.8,16,,B05,B-0112,WGS_i7_371,CGGTAGGT,B-0032,WGS_i5_139,AGAGCCTG,CAGGCTCT
227,3,C05,516_123_1_2,24.29,1.91,1.42,12.65,1,0,6.42,6.42,6.23,7.80,17.20,1.88,10.62,14.38,2.87,143.30,5.23,7.73,8.4,16,,C05,B-0112,WGS_i7_371,CGGTAGGT,B-0033,WGS_i5_197,ATAGCCAT,ATGGCTAT
228,3,D05,521_124_1_3,35.91,1.82,1.78,19.33,2,50,8.52,17.04,2.29,5.90,19.10,1.87,10.71,14.29,7.17,358.30,2.09,7.42,8.8,16,,D05,B-0112,WGS_i7_371,CGGTAGGT,B-0034,WGS_i5_321,CCGTAACC,GGTTACGG
229,3,E05,542_158_3_3,43.73,1.84,2.07,26.93,3,100,8.58,25.74,1.19,5.80,19.20,1.81,11.03,13.97,6.34,317.10,2.37,7.87,8.3,16,,E05,B-0112,WGS_i7_371,CGGTAGGT,B-0035,WGS_i5_480,GATCTTAA,TTAAGATC
230,3,F05,547_159_5_1,19.42,1.82,1.08,7.89,1,0,6.69,6.69,1.20,7.50,17.50,2.06,9.69,15.31,11.71,585.70,1.28,7.9,8.2,16,,F05,B-0112,WGS_i7_371,CGGTAGGT,B-0036,WGS_i5_566,GGTTGAGG,CCTCAACC
231,3,G05,686_176_3_3_d1,20.71,1.86,1.36,13.43,2,50,5.57,11.15,2.28,9.00,16.00,1.82,10.98,14.02,15.91,795.40,0.94,7.2,9,16,,G05,B-0112,WGS_i7_371,CGGTAGGT,B-0037,WGS_i5_577,GTCAGGCT,AGCCTGAC
232,3,H05,552_161_1_2,26.07,1.73,1,10.87,1,0,4.31,4.31,6.56,11.60,13.40,1.78,11.24,13.76,11.72,586.00,1.28,7.79,8.3,16,,H05,B-0112,WGS_i7_371,CGGTAGGT,B-0038,WGS_i5_651,TCGCCGTA,TACGGCGA
233,3,A06,133_028_3_3,23.47,1.85,1.59,13.39,2,50,6.14,12.29,1.10,8.10,16.90,1.84,10.88,14.12,11.54,576.80,1.30,8.91,7.3,16,,A06,B-0113,WGS_i7_390,CTAGTACC,B-0031,WGS_i5_3,AACCATGC,GCATGGTT
234,3,B06,138_029_5_2b,17.22,1.93,1.56,12.82,1,0,6.58,6.58,6.24,7.60,17.40,1.74,11.48,13.52,14.02,701.10,1.07,8.12,8,16,,B06,B-0113,WGS_i7_390,CTAGTACC,B-0032,WGS_i5_139,AGAGCCTG,CAGGCTCT
235,3,C06,143_031_1_1,18.2,1.95,1.53,13.42,2,50,6.00,11.99,1.43,8.30,16.70,2.02,9.91,15.09,6.71,335.70,2.23,7.74,8.4,16,,C06,B-0113,WGS_i7_390,CTAGTACC,B-0033,WGS_i5_197,ATAGCCAT,ATGGCTAT
236,3,D06,148_032_1_3,24.34,1.82,1.52,15.45,2,50,6.81,13.61,1.84,7.30,17.70,2.07,9.65,15.35,7.84,392.00,1.91,6.08,10.7,16,,D06,B-0113,WGS_i7_390,CTAGTACC,B-0034,WGS_i5_321,CCGTAACC,GGTTACGG
237,3,E06,546_159_3_1_d2,23.65,1.79,1.38,11.92,1,0,5.41,5.41,6.51,9.20,15.80,1.97,10.13,14.87,7.85,392.60,1.91,7.37,8.8,16,,E06,B-0113,WGS_i7_390,CTAGTACC,B-0035,WGS_i5_480,GATCTTAA,TTAAGATC
238,3,F06,600_169_5_4,33.64,1.85,1.7,23.97,3,100,5.49,16.47,7.50,9.10,15.90,2.26,8.85,16.15,10.37,518.70,1.45,7.88,8.3,16,,F06,B-0113,WGS_i7_390,CTAGTACC,B-0036,WGS_i5_566,GGTTGAGG,CCTCAACC
239,3,G06,747_221_3_1,31.09,1.71,1.05,14.28,2,50,5.52,11.04,3.24,9.10,15.90,1.82,11.00,14.00,14.95,747.60,1.00,7.57,8.6,16,,G06,B-0113,WGS_i7_390,CTAGTACC,B-0037,WGS_i5_577,GTCAGGCT,AGCCTGAC
240,3,H06,614_171_1_1,40.35,1.97,1.97,26.37,3,100,7.89,23.68,2.69,6.30,18.70,1.55,12.90,12.10,12.82,641.10,1.17,6.38,10.2,16,,H06,B-0113,WGS_i7_390,CTAGTACC,B-0038,WGS_i5_651,TCGCCGTA,TACGGCGA
241,3,A07,273_056_3_1,13.64,1.81,1.57,5.43,1,0,7.59,7.59,-2.16,6.60,18.40,2.12,9.43,15.57,10.20,509.90,1.47,8.49,7.7,16,,A07,B-0114,WGS_i7_532,GGATGCTA,B-0031,WGS_i5_3,AACCATGC,GCATGGTT
242,3,B07,278_057_5_2,18.78,1.73,1.62,12.24,1,0,12.16,12.16,0.08,4.10,20.90,2.04,9.81,15.19,13.37,668.40,1.12,7.41,8.8,16,,B07,B-0114,WGS_i7_532,GGATGCTA,B-0032,WGS_i5_139,AGAGCCTG,CAGGCTCT
243,3,C07,284_059_1_1,20.47,2.13,1.69,14.79,2,50,6.00,12.00,2.79,8.30,16.70,1.82,11.01,13.99,8.93,446.70,1.68,6.48,10,16,,C07,B-0114,WGS_i7_532,GGATGCTA,B-0033,WGS_i5_197,ATAGCCAT,ATGGCTAT
244,3,D07,289_060_1_4,24.7,1.81,1.67,19.17,2,50,8.08,16.16,3.01,6.20,18.80,1.77,11.32,13.68,7.08,354.20,2.12,6.28,10.4,16,,D07,B-0114,WGS_i7_532,GGATGCTA,B-0034,WGS_i5_321,CCGTAACC,GGTTACGG
245,3,E07,629_172_2_1,45.11,1.81,2.09,30.87,3,100,10.61,31.82,-0.95,4.70,20.30,1.81,11.08,13.92,10.70,534.90,1.40,8.15,8,16,,E07,B-0114,WGS_i7_532,GGATGCTA,B-0035,WGS_i5_480,GATCTTAA,TTAAGATC
246,3,F07,644_173_3_1,24.31,1.77,1.74,15.85,2,50,7.11,14.21,1.64,7.00,18.00,1.72,11.63,13.37,11.30,564.80,1.33,8.05,8.1,16,,F07,B-0114,WGS_i7_532,GGATGCTA,B-0036,WGS_i5_566,GGTTGAGG,CCTCAACC
247,3,G07,751_222_3_2,57.48,1.92,2.21,36.94,3,100,13.32,39.97,-3.03,3.80,21.20,1.74,11.52,13.48,8.01,400.60,1.87,7.02,9.3,16,,G07,B-0114,WGS_i7_532,GGATGCTA,B-0037,WGS_i5_577,GTCAGGCT,AGCCTGAC
248,3,H07,705_201_3_2,37.45,1.81,1.78,17.59,2,50,7.92,15.83,1.76,6.30,18.70,1.72,11.61,13.39,5.88,294.10,2.55,7.38,8.8,16,,H07,B-0114,WGS_i7_532,GGATGCTA,B-0038,WGS_i5_651,TCGCCGTA,TACGGCGA
249,3,A08,710_202_5_1,42.74,1.84,1.78,24.05,3,100,6.77,20.31,3.74,7.40,17.60,1.69,11.83,13.17,6.09,304.60,2.46,7.51,8.7,16,,A08,B-0115,WGS_i7_554,GGTTCTGA,B-0031,WGS_i5_3,AACCATGC,GCATGGTT
250,3,B08,716_204_1_3,16.24,1.79,1.06,7.88,1,0,8.54,8.54,-0.66,5.90,19.10,1.98,10.10,14.90,5.90,294.80,2.54,7.54,8.6,16,,B08,B-0115,WGS_i7_554,GGTTCTGA,B-0032,WGS_i5_139,AGAGCCTG,CAGGCTCT
251,3,C08,721_205_1_4,16.03,2.07,1.26,9.05,1,0,9.62,9.62,-0.57,5.20,19.80,1.96,10.20,14.80,6.50,325.20,2.31,7.09,9.2,16,,C08,B-0115,WGS_i7_554,GGTTCTGA,B-0033,WGS_i5_197,ATAGCCAT,ATGGCTAT
252,3,D08,754_223_1_3,27.07,1.74,1.21,8.95,1,0,8.57,8.57,0.38,5.80,19.20,1.83,10.90,14.10,4.44,222.00,3.38,5.8,11,16,,D08,B-0115,WGS_i7_554,GGTTCTGA,B-0034,WGS_i5_321,CCGTAACC,GGTTACGG
253,3,E08,221_044_3_2,45.74,1.82,1.95,27.06,3,100,9.34,28.02,-0.96,5.40,19.60,1.69,11.82,13.18,6.94,347.00,2.16,7.34,8.9,16,,E08,B-0115,WGS_i7_554,GGTTCTGA,B-0035,WGS_i5_480,GATCTTAA,TTAAGATC
254,3,F08,237_045_5_1,35.81,1.83,1.26,20.72,3,100,6.93,20.78,-0.06,7.20,17.80,1.54,13.01,11.99,6.46,323.00,2.32,7.11,9.1,16,,F08,B-0115,WGS_i7_554,GGTTCTGA,B-0036,WGS_i5_566,GGTTGAGG,CCTCAACC
255,3,G08,BLANK4,0,0,0,0,1,0,0.13,0.13,-0.13,24.00,1.00,-0.04,24.00,1.00,12.50,625.20,1.20,0.78,0.5,16,,G08,B-0115,WGS_i7_554,GGTTCTGA,B-0037,WGS_i5_577,GTCAGGCT,AGCCTGAC
256,3,H08,759_224_1_3b,28.45,1.78,1.43,13.34,2,50,6.28,12.56,0.78,8.00,17.00,1.75,11.40,13.60,5.60,280.10,2.68,6.99,9.3,16,,H08,B-0115,WGS_i7_554,GGTTCTGA,B-0038,WGS_i5_651,TCGCCGTA,TACGGCGA
257,3,A09,763_225_3_1,30.42,1.93,1.84,17.05,2,50,6.76,13.52,3.53,7.40,17.60,1.79,11.14,13.86,7.14,357.00,2.10,7.2,9,16,,A09,B-0116,WGS_i7_620,TATCCTCG,B-0031,WGS_i5_3,AACCATGC,GCATGGTT
258,3,B09,766_226_1_3,18.8,1.74,1.28,8.44,1,0,8.38,8.38,0.06,6.00,19.00,2.05,9.74,15.26,5.03,251.60,2.98,7.09,9.2,16,,B09,B-0116,WGS_i7_620,TATCCTCG,B-0032,WGS_i5_139,AGAGCCTG,CAGGCTCT
259,3,C09,726_206_3_2,34.61,1.93,1.8,17.37,2,50,8.08,16.16,1.21,6.20,18.80,1.92,10.44,14.56,6.99,349.50,2.15,8.07,8.1,16,,C09,B-0116,WGS_i7_620,TATCCTCG,B-0033,WGS_i5_197,ATAGCCAT,ATGGCTAT
260,3,D09,731_207_5_4,29.79,1.8,1.63,13.19,2,50,6.57,13.14,0.05,7.60,17.40,1.75,11.40,13.60,10.05,502.50,1.49,6.97,9.3,16,,D09,B-0116,WGS_i7_620,TATCCTCG,B-0034,WGS_i5_321,CCGTAACC,GGTTACGG
261,3,E09,736_209_1_1,25.29,1.84,1.16,10.1,1,0,10.71,10.71,-0.61,4.70,20.30,1.98,10.13,14.87,4.34,216.90,3.46,7.24,9,16,,E09,B-0116,WGS_i7_620,TATCCTCG,B-0035,WGS_i5_480,GATCTTAA,TTAAGATC
262,3,F09,741_210_1_4,18.2,1.67,0.64,9.63,1,0,10.09,10.09,-0.46,5.00,20.00,2.00,9.98,15.02,8.35,417.70,1.80,7.77,8.4,16,,F09,B-0116,WGS_i7_620,TATCCTCG,B-0036,WGS_i5_566,GGTTGAGG,CCTCAACC
263,3,G09,769_227_1_1,32.99,1.92,1.91,20.63,3,100,5.75,17.25,3.38,8.70,16.30,1.64,12.20,12.80,9.03,451.50,1.66,7.35,8.8,16,,G09,B-0116,WGS_i7_620,TATCCTCG,B-0037,WGS_i5_577,GTCAGGCT,AGCCTGAC
264,3,H09,775_228_1_2,21.06,1.93,1.38,11.38,1,0,11.96,11.96,-0.58,4.20,20.80,1.92,10.41,14.59,4.91,245.60,3.05,8.05,8.1,16,,H09,B-0116,WGS_i7_620,TATCCTCG,B-0038,WGS_i5_651,TCGCCGTA,TACGGCGA
265,3,A10,664_174_5_3,24.77,1.79,1.86,13.47,2,50,5.47,10.94,2.53,9.10,15.90,1.79,11.14,13.86,8.84,441.90,1.70,7.35,8.8,16,,A10,B-0117,WGS_i7_645,TCGAGAAG,B-0031,WGS_i5_3,AACCATGC,GCATGGTT
266,3,B10,680_176_1_1,19.71,1.59,1.41,10.44,1,0,9.61,9.61,0.83,5.20,19.80,1.99,10.04,14.96,4.39,219.60,3.42,6.85,9.5,16,,B10,B-0117,WGS_i7_645,TCGAGAAG,B-0032,WGS_i5_139,AGAGCCTG,CAGGCTCT
267,3,C10,316_066_3_4,26.24,1.8,1.52,16.11,2,50,8.07,16.15,-0.04,6.20,18.80,1.77,11.32,13.68,5.99,299.50,2.50,7.48,8.7,16,,C10,B-0117,WGS_i7_645,TCGAGAAG,B-0033,WGS_i5_197,ATAGCCAT,ATGGCTAT
268,3,D10,321_068_5_2,26.3,1.72,1.36,16.24,2,50,7.82,15.64,0.60,6.40,18.60,1.95,10.24,14.76,3.94,196.90,3.81,6.8,9.6,16,,D10,B-0117,WGS_i7_645,TCGAGAAG,B-0034,WGS_i5_321,CCGTAACC,GGTTACGG
269,3,E10,326_070_1_1,23.55,1.76,1.48,13.53,2,50,6.00,11.99,1.54,8.30,16.70,1.64,12.21,12.79,4.94,246.80,3.04,7.35,8.8,16,,E10,B-0117,WGS_i7_645,TCGAGAAG,B-0035,WGS_i5_480,GATCTTAA,TTAAGATC
270,3,F10,331_071_1_2,36.31,1.82,1.79,22.22,3,100,6.35,19.05,3.17,7.90,17.10,1.71,11.69,13.31,11.14,556.80,1.35,7.31,8.9,16,,F10,B-0117,WGS_i7_645,TCGAGAAG,B-0036,WGS_i5_566,GGTTGAGG,CCTCAACC
271,3,G10,494_119_2_1,26.59,1.91,1.74,16.21,2,50,8.36,16.72,-0.51,6.00,19.00,1.79,11.20,13.80,3.07,153.40,4.89,6.85,9.5,16,,G10,B-0117,WGS_i7_645,TCGAGAAG,B-0037,WGS_i5_577,GTCAGGCT,AGCCTGAC
272,3,H10,BLANK5,0,0,0,0,1,0,0.13,0.13,-0.13,24.00,1.00,-0.04,24.00,1.00,8.24,412.00,1.82,0.88,0.5,16,,H10,B-0117,WGS_i7_645,TCGAGAAG,B-0038,WGS_i5_651,TCGCCGTA,TACGGCGA
273,3,A11,357_077_3_2,27.69,1.82,1.36,19.92,2,50,8.65,17.30,2.62,5.80,19.20,1.73,11.59,13.41,10.04,502.10,1.49,6.77,9.6,16,,A11,B-0118,WGS_i7_658,TCTGGCGG,B-0031,WGS_i5_3,AACCATGC,GCATGGTT
274,3,B11,362_078_5_2,22.64,1.82,1.37,15.45,2,50,7.03,14.06,1.39,7.10,17.90,1.73,11.54,13.46,2.34,117.10,6.40,6.71,9.7,16,,B11,B-0118,WGS_i7_658,TCTGGCGG,B-0032,WGS_i5_139,AGAGCCTG,CAGGCTCT
275,3,C11,434_114_3_1,27.09,2.02,1.61,16.21,2,50,6.90,13.81,2.40,7.20,17.80,1.71,11.72,13.28,12.76,637.90,1.18,6.41,10.1,16,,C11,B-0118,WGS_i7_658,TCTGGCGG,B-0033,WGS_i5_197,ATAGCCAT,ATGGCTAT
276,3,D11,453_115_5_3,38.7,1.73,1.59,19.16,2,50,9.09,18.19,0.97,5.50,19.50,1.72,11.61,13.39,3.01,150.40,4.99,6.55,9.9,16,,D11,B-0118,WGS_i7_658,TCTGGCGG,B-0034,WGS_i5_321,CCGTAACC,GGTTACGG
277,3,E11,466_117_1_1,14.97,1.42,0.8,7.29,1,0,8.15,8.15,-0.86,6.10,18.90,1.82,10.97,14.03,8.26,412.80,1.82,7.51,8.7,16,,E11,B-0118,WGS_i7_658,TCTGGCGG,B-0035,WGS_i5_480,GATCTTAA,TTAAGATC
278,3,F11,481_118_2_1,27.41,1.8,1.45,16.66,2,50,8.59,17.18,-0.52,5.80,19.20,1.74,11.48,13.52,9.34,467.20,1.61,7.5,8.7,16,,F11,B-0118,WGS_i7_658,TCTGGCGG,B-0036,WGS_i5_566,GGTTGAGG,CCTCAACC
279,3,G11,526_125_3_2,48.6,1.92,1.87,34.24,3,100,9.87,29.60,4.64,5.10,19.90,1.69,11.82,13.18,12.36,618.10,1.21,7.63,8.5,16,,G11,B-0118,WGS_i7_658,TCTGGCGG,B-0037,WGS_i5_577,GTCAGGCT,AGCCTGAC
280,3,H11,779_229_1_4,19.82,1.85,1.09,9.51,1,0,9.16,9.16,0.35,5.50,19.50,2.01,9.96,15.04,9.47,473.70,1.58,7.5,8.7,16,,H11,B-0118,WGS_i7_658,TCTGGCGG,B-0038,WGS_i5_651,TCGCCGTA,TACGGCGA
281,3,A12,531_126_5_3,15.29,1.43,1.21,5.44,1,0,6.19,6.19,-0.75,8.10,16.90,1.99,10.07,14.93,2.48,124.00,6.05,7.88,8.3,16,,A12,B-0119,WGS_i7_659,TCTTAGCT,B-0031,WGS_i5_3,AACCATGC,GCATGGTT
282,3,B12,536_128_1_2,16.97,1.38,1,6.12,1,0,6.83,6.83,-0.71,7.30,17.70,1.91,10.47,14.53,4.93,246.40,3.04,8.3,7.8,16,,B12,B-0119,WGS_i7_659,TCTTAGCT,B-0032,WGS_i5_139,AGAGCCTG,CAGGCTCT
283,3,C12,557_162_1_3,17.09,1.4,0.93,4.88,1,0,4.44,4.44,0.44,11.30,13.70,1.87,10.69,14.31,3.39,169.30,4.43,7.41,8.8,16,,C12,B-0119,WGS_i7_659,TCTTAGCT,B-0033,WGS_i5_197,ATAGCCAT,ATGGCTAT
284,3,D12,562_164_3_2,18.88,1.54,1.06,8.08,1,0,8.72,8.72,-0.64,5.70,19.30,1.96,10.18,14.82,8.34,416.80,1.80,5.6,11,16,,D12,B-0119,WGS_i7_659,TCTTAGCT,B-0034,WGS_i5_321,CCGTAACC,GGTTACGG
285,3,E12,567_165_5_3,18.3,1.73,1.14,9.41,1,0,9.36,9.36,0.05,5.30,19.70,1.88,10.63,14.37,7.24,362.00,2.07,7.01,9.3,16,,E12,B-0119,WGS_i7_659,TCTTAGCT,B-0035,WGS_i5_480,GATCTTAA,TTAAGATC
286,3,F12,572_167_1_1,22.32,1.68,1.41,12.14,1,0,12.49,12.49,-0.35,4.00,21.00,2.03,9.85,15.15,8.46,422.80,1.77,8.13,8,16,,F12,B-0119,WGS_i7_659,TCTTAGCT,B-0036,WGS_i5_566,GGTTGAGG,CCTCAACC
287,3,G12,694_177_2_1,38.93,1.85,1.73,26.25,3,100,10.04,30.11,-3.86,5.00,20.00,1.93,10.35,14.65,7.69,384.40,1.95,7.96,8.2,16,,G12,B-0119,WGS_i7_659,TCTTAGCT,B-0037,WGS_i5_577,GTCAGGCT,AGCCTGAC
288,3,H12,783_230_1_3,23.02,1.56,0.94,7.93,1,0,8.65,8.65,-0.72,5.80,19.20,1.95,10.24,14.76,8.19,409.30,1.83,8.36,7.8,16,,H12,B-0119,WGS_i7_659,TCTTAGCT,B-0038,WGS_i5_651,TCGCCGTA,TACGGCGA
289,4,A01,015_012_2_1,45.53,1.89,2.1,36.59,3,100,10.12,30.36,6.23,4.90,20.10,1.80,11.09,13.91,,,,9.28,7,16,,A01,B-0055,WGS_i7_3,AACCATAA,B-0100,WGS_i5_1,AACCAACG,CGTTGGTT
290,4,B01,029_013_3_1,45.86,1.96,1.99,37.64,3,100,12.00,36.00,1.64,4.20,20.80,1.92,10.43,14.57,,,,8.99,7.2,16,,B01,B-0055,WGS_i7_3,AACCATAA,B-0101,WGS_i5_68,AATTCTAG,CTAGAATT
291,4,C01,045_014_4_1,34.46,1.96,1.93,27.66,3,100,7.71,23.14,4.52,6.50,18.50,2.03,9.85,15.15,,,,9.47,6.9,16,,C01,B-0055,WGS_i7_3,AACCATAA,B-0102,WGS_i5_123,AGAACCGA,TCGGTTCT
292,4,D01,114_021_5_2,23.39,1.79,1.39,18.6,2,50,8.30,16.61,1.99,6.00,19.00,2.02,9.89,15.11,,,,9.24,7,16,,D01,B-0055,WGS_i7_3,AACCATAA,B-0103,WGS_i5_304,CCGAATGC,GCATTCGG
293,4,E01,119_024_1_2,26.57,1.8,1.7,18.01,2,50,7.71,15.41,2.60,6.50,18.50,1.98,10.08,14.92,,,,8.63,7.5,16,,E01,B-0055,WGS_i7_3,AACCATAA,B-0104,WGS_i5_334,CCTGCCTT,AAGGCAGG
294,4,F01,124_025_1_3,27.01,1.87,1.62,18.85,2,50,8.38,16.76,2.09,6.00,19.00,1.94,10.30,14.70,,,,8.41,7.7,16,,F01,B-0055,WGS_i7_3,AACCATAA,B-0105,WGS_i5_537,GGATGGTA,TACCATCC
295,4,G01,129_026_3_4,25.07,1.88,1.42,18.58,2,50,7.00,14.00,4.58,7.10,17.90,1.98,10.12,14.88,,,,9.23,7,16,,G01,B-0055,WGS_i7_3,AACCATAA,B-0106,WGS_i5_549,GGCGTACT,AGTACGCC
296,4,H01,162_033_5_4,41.96,1.66,1.71,17.38,2,50,7.11,14.22,3.16,7.00,18.00,1.72,11.65,13.35,,,,8.89,7.3,16,,H01,B-0055,WGS_i7_3,AACCATAA,B-0107,WGS_i5_650,TCGATTCC,GGAATCGA
297,4,A02,176_039_1_1,44.84,1.71,1.48,26.78,3,100,7.81,23.42,3.36,6.40,18.60,1.83,10.93,14.07,,,,9.69,6.7,16,,A02,B-0056,WGS_i7_51,ACCAGCAA,B-0100,WGS_i5_1,AACCAACG,CGTTGGTT
298,4,B02,192_040_2_1,44.75,1.86,1.48,25.89,3,100,7.96,23.89,2.00,6.30,18.70,1.80,11.13,13.87,,,,8.11,8,16,,B02,B-0056,WGS_i7_51,ACCAGCAA,B-0101,WGS_i5_68,AATTCTAG,CTAGAATT
299,4,C02,209_042_3_1,53.36,1.85,1.88,33.57,3,100,9.11,27.32,6.25,5.50,19.50,2.02,9.90,15.10,,,,9.22,7,16,,C02,B-0056,WGS_i7_51,ACCAGCAA,B-0102,WGS_i5_123,AGAACCGA,TCGGTTCT
300,4,D02,254_051_5_4,26.46,1.91,1.62,18.38,2,50,8.95,17.90,0.48,5.60,19.40,1.97,10.15,14.85,,,,9.98,6.5,16,,D02,B-0056,WGS_i7_51,ACCAGCAA,B-0103,WGS_i5_304,CCGAATGC,GCATTCGG
301,4,E02,259_053_1_1,19.93,1.66,1.17,10.27,1,0,13.17,13.17,-2.90,3.80,21.20,2.23,8.96,16.04,,,,8.42,7.7,16,,E02,B-0056,WGS_i7_51,ACCAGCAA,B-0104,WGS_i5_334,CCTGCCTT,AAGGCAGG
302,4,F02,264_054_1_3,28.44,1.79,1.29,16.32,2,50,6.99,13.98,2.34,7.20,17.80,1.86,10.77,14.23,,,,7.89,8.2,16,,F02,B-0056,WGS_i7_51,ACCAGCAA,B-0105,WGS_i5_537,GGATGGTA,TACCATCC
303,4,G02,269_055_3_1,23.17,1.93,1.47,14.78,2,50,6.53,13.07,1.71,7.70,17.30,1.92,10.43,14.57,,,,8.47,7.7,16,,G02,B-0056,WGS_i7_51,ACCAGCAA,B-0106,WGS_i5_549,GGCGTACT,AGTACGCC
304,4,H02,296_061_5_4,26.59,2.09,1.51,19.67,2,50,7.98,15.96,3.71,6.30,18.70,1.82,10.97,14.03,,,,8.54,7.6,16,,H02,B-0056,WGS_i7_51,ACCAGCAA,B-0107,WGS_i5_650,TCGATTCC,GGAATCGA
305,4,A03,301_063_1_3,27.5,1.93,1.53,17.23,2,50,7.82,15.64,1.59,6.40,18.60,1.89,10.59,14.41,,,,7.37,8.8,16,,A03,B-0057,WGS_i7_71,ACGCCGTT,B-0100,WGS_i5_1,AACCAACG,CGTTGGTT
306,4,B03,306_064_1_4,33.89,1.99,2.24,25.22,3,100,7.63,22.90,2.32,6.60,18.40,1.81,11.05,13.95,,,,9.45,6.9,16,,B03,B-0057,WGS_i7_71,ACGCCGTT,B-0101,WGS_i5_68,AATTCTAG,CTAGAATT
307,4,C03,311_065_3_4,24.2,1.88,1.67,17.25,2,50,7.10,14.20,3.05,7.00,18.00,2.03,9.84,15.16,,,,8.54,7.6,16,,C03,B-0057,WGS_i7_71,ACGCCGTT,B-0102,WGS_i5_123,AGAACCGA,TCGGTTCT
308,4,D03,402_112_1_2_d1,52.27,1.82,2.02,33.29,3,100,8.53,25.58,7.71,5.90,19.10,1.93,10.37,14.63,,,,9.49,6.8,16,,D03,B-0057,WGS_i7_71,ACGCCGTT,B-0103,WGS_i5_304,CCGAATGC,GCATTCGG
309,4,E03,338_072_5_3,37.52,1.84,1.59,18.33,2,50,8.00,16.00,2.33,6.30,18.70,1.98,10.08,14.92,,,,8.95,7.3,16,,E03,B-0057,WGS_i7_71,ACGCCGTT,B-0104,WGS_i5_334,CCTGCCTT,AAGGCAGG
310,4,F03,343_074_1_1,24.98,1.94,1.54,15.63,2,50,6.29,12.57,3.06,8.00,17.00,2.01,9.96,15.04,,,,8.64,7.5,16,,F03,B-0057,WGS_i7_71,ACGCCGTT,B-0105,WGS_i5_537,GGATGGTA,TACCATCC
311,4,G03,348_075_1_3,48.68,1.88,1.96,33.62,3,100,9.68,29.03,4.59,5.20,19.80,1.79,11.16,13.84,,,,8.63,7.5,16,,G03,B-0057,WGS_i7_71,ACGCCGTT,B-0106,WGS_i5_549,GGCGTACT,AGTACGCC
312,4,H03,353_076_3_3,33.56,1.89,1.37,20.19,3,100,5.72,17.16,3.03,8.70,16.30,1.64,12.22,12.78,,,,5.52,11,16,,H03,B-0057,WGS_i7_71,ACGCCGTT,B-0107,WGS_i5_650,TCGATTCC,GGAATCGA
313,4,A04,378_109_5_1,26.79,1.84,1.29,14.79,2,50,6.73,13.46,1.33,7.40,17.60,1.78,11.26,13.74,,,,8.02,8.1,16,,A04,B-0058,WGS_i7_220,CAATATCC,B-0100,WGS_i5_1,AACCAACG,CGTTGGTT
314,4,B04,389_111_1_1,24.47,2.03,1.22,11.88,1,0,10.60,10.60,1.28,4.70,20.30,2.04,9.81,15.19,,,,9.44,6.9,16,,B04,B-0058,WGS_i7_220,CAATATCC,B-0101,WGS_i5_68,AATTCTAG,CTAGAATT
315,4,C04,404_112_2_1,45.89,1.85,2.02,30.66,3,100,7.64,22.91,7.75,6.50,18.50,1.90,10.50,14.50,,,,8.24,7.9,16,,C04,B-0058,WGS_i7_220,CAATATCC,B-0102,WGS_i5_123,AGAACCGA,TCGGTTCT
316,4,D04,422_113_3_1,29.72,1.92,1.97,17.92,2,50,7.43,14.85,3.07,6.70,18.30,1.93,10.36,14.64,,,,8.22,7.9,16,,D04,B-0058,WGS_i7_220,CAATATCC,B-0103,WGS_i5_304,CCGAATGC,GCATTCGG
317,4,E04,062_016_1_1,25.96,1.84,1.49,16.48,2,50,7.08,14.15,2.33,7.10,17.90,1.86,10.77,14.23,,,,7.99,8.1,16,,E04,B-0058,WGS_i7_220,CAATATCC,B-0104,WGS_i5_334,CCTGCCTT,AAGGCAGG
318,4,F04,076_017_2_1,40.94,1.9,1.88,26.92,3,100,7.51,22.53,4.39,6.70,18.30,1.96,10.18,14.82,,,,7.88,8.2,16,,F04,B-0058,WGS_i7_220,CAATATCC,B-0105,WGS_i5_537,GGATGGTA,TACCATCC
319,4,G04,093_018_3_2,44.72,1.86,2.09,30.01,3,100,8.42,25.26,4.75,5.90,19.10,1.81,11.07,13.93,,,,7.97,8.2,16,,G04,B-0058,WGS_i7_220,CAATATCC,B-0106,WGS_i5_549,GGCGTACT,AGTACGCC
320,4,H04,110_020_5_4,33.82,1.89,1.76,19.68,2,50,7.38,14.76,4.92,6.80,18.20,1.96,10.22,14.78,,,,7.77,8.4,16,,H04,B-0058,WGS_i7_220,CAATATCC,B-0107,WGS_i5_650,TCGATTCC,GGAATCGA
321,4,A05,507_120_5_3,39.01,1.87,1.89,20.65,3,100,10.89,32.68,-12.03,4.60,20.40,0.99,20.26,4.74,,,,8.06,8.1,16,,A05,B-0059,WGS_i7_290,CCGCCGCA,B-0100,WGS_i5_1,AACCAACG,CGTTGGTT
322,4,B05,512_122_1_2,39.08,1.85,1.11,13.5,2,50,5.00,10.00,3.50,10.00,15.00,1.76,11.34,13.66,,,,8.44,7.7,16,,B05,B-0059,WGS_i7_290,CCGCCGCA,B-0101,WGS_i5_68,AATTCTAG,CTAGAATT
323,4,C05,517_123_1_3,57.68,1.9,2.14,39.11,3,100,10.42,31.26,7.85,4.80,20.20,2.24,8.92,16.08,,,,7.43,8.7,16,,C05,B-0059,WGS_i7_290,CCGCCGCA,B-0102,WGS_i5_123,AGAACCGA,TCGGTTCT
324,4,D05,522_124_3_3,63.03,1.84,1.98,40.46,3,100,8.97,26.92,13.54,5.60,19.40,1.99,10.06,14.94,,,,8.41,7.7,16,,D05,B-0059,WGS_i7_290,CCGCCGCA,B-0103,WGS_i5_304,CCGAATGC,GCATTCGG
325,4,E05,543_158_5_1,40.85,1.82,1.9,20.77,3,100,14.14,42.41,-21.64,3.50,21.50,1.13,17.74,7.26,,,,7.96,8.2,16,,E05,B-0059,WGS_i7_290,CCGCCGCA,B-0104,WGS_i5_334,CCTGCCTT,AAGGCAGG
326,4,F05,548_160_1_1,39.33,1.94,1.77,21.11,3,100,5.63,16.88,4.23,8.90,16.10,1.84,10.88,14.12,,,,8.08,8,16,,F05,B-0059,WGS_i7_290,CCGCCGCA,B-0105,WGS_i5_537,GGATGGTA,TACCATCC
327,4,G05,042_014_3_1_d3,42.6,1.94,1.68,25.54,3,100,5.83,17.48,8.06,8.60,16.40,2.08,9.60,15.40,,,,6.92,9.4,16,,G05,B-0059,WGS_i7_290,CCGCCGCA,B-0106,WGS_i5_549,GGCGTACT,AGTACGCC
328,4,H05,553_161_1_3,71.28,1.87,2.06,46.48,3,100,12.74,38.22,8.26,3.90,21.10,1.65,12.09,12.91,,,,7.27,8.9,16,,H05,B-0059,WGS_i7_290,CCGCCGCA,B-0107,WGS_i5_650,TCGATTCC,GGAATCGA
329,4,A06,134_028_5_1,35.85,1.87,1.6,21.69,3,100,4.74,14.21,7.48,10.60,14.40,1.89,10.58,14.42,,,,8.29,7.8,16,,A06,B-0060,WGS_i7_341,CGATTCGG,B-0100,WGS_i5_1,AACCAACG,CGTTGGTT
330,4,B06,139_030_1_1,45.35,2.05,2.02,32.44,3,100,7.69,23.07,9.37,6.50,18.50,1.97,10.13,14.87,,,,8.17,8,16,,B06,B-0060,WGS_i7_341,CGATTCGG,B-0101,WGS_i5_68,AATTCTAG,CTAGAATT
331,4,C06,144_031_1_3,31.36,1.92,1.91,23.12,3,100,5.44,16.32,6.80,9.20,15.80,2.07,9.67,15.33,,,,7.55,8.6,16,,C06,B-0060,WGS_i7_341,CGATTCGG,B-0102,WGS_i5_123,AGAACCGA,TCGGTTCT
332,4,D06,149_032_3_3,31.16,1.85,1.86,22.52,3,100,5.33,15.99,6.53,9.40,15.60,2.04,9.82,15.18,,,,7.24,9,16,,D06,B-0060,WGS_i7_341,CGATTCGG,B-0103,WGS_i5_304,CCGAATGC,GCATTCGG
333,4,E06,546_159_3_1_d3,21.39,1.77,1.67,12.76,1,0,11.34,11.34,1.42,4.40,20.60,2.18,9.15,15.85,,,,6.79,9.6,16,,E06,B-0060,WGS_i7_341,CGATTCGG,B-0104,WGS_i5_334,CCTGCCTT,AAGGCAGG
334,4,F06,601_170_1_1,18.78,1.91,0.81,5.97,1,0,4.81,4.81,1.16,10.40,14.60,2.10,9.51,15.49,,,,7.84,8.3,16,,F06,B-0060,WGS_i7_341,CGATTCGG,B-0105,WGS_i5_537,GGATGGTA,TACCATCC
335,4,G06,748_221_5_3,36.81,1.81,1.02,12.97,1,0,10.16,10.16,2.81,4.90,20.10,2.08,9.62,15.38,,,,7.27,8.9,16,,G06,B-0060,WGS_i7_341,CGATTCGG,B-0106,WGS_i5_549,GGCGTACT,AGTACGCC
336,4,H06,618_171_2_2,46.51,1.88,1.84,29.93,3,100,6.66,19.99,9.94,7.50,17.50,1.89,10.59,14.41,,,,7.38,8.8,16,,H06,B-0060,WGS_i7_341,CGATTCGG,B-0107,WGS_i5_650,TCGATTCC,GGAATCGA
337,4,A07,274_056_5_2,39.61,1.92,2.03,26.38,3,100,6.84,20.51,5.87,7.30,17.70,1.74,11.50,13.50,,,,6.67,9.7,16,,A07,B-0061,WGS_i7_435,GAAGAACG,B-0100,WGS_i5_1,AACCAACG,CGTTGGTT
338,4,B07,279_058_1_1,28.85,2.05,1.41,14.64,2,50,5.78,11.56,3.08,8.60,16.40,1.85,10.79,14.21,,,,6.88,9.4,16,,B07,B-0061,WGS_i7_435,GAAGAACG,B-0101,WGS_i5_68,AATTCTAG,CTAGAATT
339,4,C07,285_059_1_2,44.55,1.85,1.11,17.15,2,50,5.32,10.65,6.50,9.40,15.60,1.87,10.72,14.28,,,,7.35,8.8,16,,C07,B-0061,WGS_i7_435,GAAGAACG,B-0102,WGS_i5_123,AGAACCGA,TCGGTTCT
340,4,D07,290_060_3_1,30.63,1.85,1.75,18.71,2,50,7.70,15.40,3.31,6.50,18.50,1.86,10.74,14.26,,,,6.78,9.6,16,,D07,B-0061,WGS_i7_435,GAAGAACG,B-0103,WGS_i5_304,CCGAATGC,GCATTCGG
341,4,E07,630_172_3_1,20.22,1.67,1.4,10.4,1,0,9.50,9.50,0.90,5.30,19.70,1.88,10.62,14.38,,,,6.54,9.9,16,,E07,B-0061,WGS_i7_435,GAAGAACG,B-0104,WGS_i5_334,CCTGCCTT,AAGGCAGG
342,4,F07,650_173_5_1,70.84,1.86,1.93,46.95,3,100,15.74,47.23,-0.28,3.20,21.80,2.12,9.44,15.56,,,,6.74,9.6,16,,F07,B-0061,WGS_i7_435,GAAGAACG,B-0105,WGS_i5_537,GGATGGTA,TACCATCC
343,4,G07,BLANK6,0,0,0,0,1,0,0.02,0.02,-0.02,24.00,1.00,0.02,24.00,1.00,,,,0.83,1,16,,G07,B-0061,WGS_i7_435,GAAGAACG,B-0106,WGS_i5_549,GGCGTACT,AGTACGCC
344,4,H07,706_201_5_2b,31.4,1.83,1.59,20.12,3,100,4.80,14.39,5.73,10.40,14.60,1.80,11.11,13.89,,,,5.78,11,16,,H07,B-0061,WGS_i7_435,GAAGAACG,B-0107,WGS_i5_650,TCGATTCC,GGAATCGA
345,4,A08,712_203_1_3,26.16,1.87,1.66,16.79,2,50,5.75,11.49,5.30,8.70,16.30,1.98,10.08,14.92,,,,5.96,10.9,16,,A08,B-0062,WGS_i7_574,GTCTCGTT,B-0100,WGS_i5_1,AACCAACG,CGTTGGTT
346,4,B08,717_204_1_4,40.41,1.83,0.97,17.72,2,50,3.25,6.50,11.22,15.40,9.60,2.04,9.81,15.19,,,,6.69,9.7,16,,B08,B-0062,WGS_i7_574,GTCTCGTT,B-0101,WGS_i5_68,AATTCTAG,CTAGAATT
347,4,C08,722_205_3_3,32.93,1.82,1.61,23.72,3,100,6.22,18.67,5.05,8.00,17.00,2.08,9.62,15.38,,,,5.98,10.9,16,,C08,B-0062,WGS_i7_574,GTCTCGTT,B-0102,WGS_i5_123,AGAACCGA,TCGGTTCT
348,4,D08,755_223_3_2,28.75,1.83,1.53,18.13,2,50,7.74,15.48,2.65,6.50,18.50,1.97,10.17,14.83,,,,6.86,9.5,16,,D08,B-0062,WGS_i7_574,GTCTCGTT,B-0103,WGS_i5_304,CCGAATGC,GCATTCGG
349,4,E08,226_044_5_2,39.26,1.5,0.83,6.9,1,0,6.45,6.45,0.45,7.80,17.20,1.94,10.31,14.69,,,,6.53,10,16,,E08,B-0062,WGS_i7_574,GTCTCGTT,B-0104,WGS_i5_334,CCTGCCTT,AAGGCAGG
350,4,F08,239_046_1_2,33.91,1.92,1.76,21.88,3,100,6.16,18.48,3.40,8.10,16.90,1.92,10.42,14.58,,,,6.34,10.3,16,,F08,B-0062,WGS_i7_574,GTCTCGTT,B-0105,WGS_i5_537,GGATGGTA,TACCATCC
351,4,G08,182_039_3_1_d4,30.65,1.87,1.49,18.17,2,50,8.06,16.12,2.05,6.20,18.80,1.94,10.33,14.67,,,,6.38,10.2,16,,G08,B-0062,WGS_i7_574,GTCTCGTT,B-0106,WGS_i5_549,GGCGTACT,AGTACGCC
352,4,H08,760_224_3_3,39.32,1.77,1.42,22.14,3,100,5.16,15.49,6.65,9.70,15.30,1.69,11.84,13.16,,,,5.28,11,16,,H08,B-0062,WGS_i7_574,GTCTCGTT,B-0107,WGS_i5_650,TCGATTCC,GGAATCGA
353,4,A09,764_225_5_3,46.47,1.93,2.23,32.32,3,100,8.02,24.07,8.25,6.20,18.80,1.90,10.53,14.47,,,,6.63,9.8,16,,A09,B-0063,WGS_i7_579,GTTAGCGG,B-0100,WGS_i5_1,AACCAACG,CGTTGGTT
354,4,B09,767_226_3_2,29.96,2.06,2.22,20.21,3,100,4.43,13.28,6.93,11.30,13.70,2.12,9.42,15.58,,,,6.81,9.5,16,,B09,B-0063,WGS_i7_579,GTTAGCGG,B-0101,WGS_i5_68,AATTCTAG,CTAGAATT
355,4,C09,727_206_5_4,30.19,1.84,1.62,19.04,2,50,7.70,15.39,3.65,6.50,18.50,1.99,10.07,14.93,,,,7.76,8.4,16,,C09,B-0063,WGS_i7_579,GTTAGCGG,B-0102,WGS_i5_123,AGAACCGA,TCGGTTCT
356,4,D09,732_208_1_1,62.47,1.85,2.02,44.93,3,100,14.75,44.25,0.68,3.40,21.60,2.16,9.28,15.72,,,,7,9.3,16,,D09,B-0063,WGS_i7_579,GTTAGCGG,B-0103,WGS_i5_304,CCGAATGC,GCATTCGG
357,4,E09,737_209_1_3,24.11,1.98,1.65,14.61,2,50,7.03,14.06,0.55,7.10,17.90,1.78,11.24,13.76,,,,7.11,9.1,16,,E09,B-0063,WGS_i7_579,GTTAGCGG,B-0104,WGS_i5_334,CCTGCCTT,AAGGCAGG
358,4,F09,742_210_3_4,30.37,1.92,1.67,19.71,2,50,8.43,16.86,2.85,5.90,19.10,2.06,9.72,15.28,,,,7.16,9.1,16,,F09,B-0063,WGS_i7_579,GTTAGCGG,B-0105,WGS_i5_537,GGATGGTA,TACCATCC
359,4,G09,770_227_1_4,18.94,1.7,1.17,6.84,1,0,6.97,6.97,-0.13,7.20,17.80,1.99,10.03,14.97,,,,6.74,9.6,16,,G09,B-0063,WGS_i7_579,GTTAGCGG,B-0106,WGS_i5_549,GGCGTACT,AGTACGCC
360,4,H09,BLANK7,0,0,0,0,1,0,0.02,0.02,-0.02,24.00,1.00,0.11,24.00,1.00,,,,0.78,1,16,,H09,B-0063,WGS_i7_579,GTTAGCGG,B-0107,WGS_i5_650,TCGATTCC,GGAATCGA
361,4,A10,666_175_1_1,40.09,1.9,1.92,26.94,3,100,6.55,19.66,7.28,7.60,17.40,1.82,10.99,14.01,,,,7.44,8.7,16,,A10,B-0064,WGS_i7_586,GTTGGAAT,B-0100,WGS_i5_1,AACCAACG,CGTTGGTT
362,4,B10,682_176_2_1,12.64,2.27,1.19,8.49,1,0,6.78,6.78,1.71,7.40,17.60,2.07,9.66,15.34,,,,7.86,8.3,16,,B10,B-0064,WGS_i7_586,GTTGGAAT,B-0101,WGS_i5_68,AATTCTAG,CTAGAATT
363,4,C10,317_066_5_1,43.87,1.79,1.92,33.01,3,100,8.47,25.42,7.59,5.90,19.10,1.95,10.27,14.73,,,,7.35,8.8,16,,C10,B-0064,WGS_i7_586,GTTGGAAT,B-0102,WGS_i5_123,AGAACCGA,TCGGTTCT
364,4,D10,322_069_1_3,34.57,1.82,1.81,24.43,3,100,6.26,18.77,5.66,8.00,17.00,1.91,10.49,14.51,,,,7.28,8.9,16,,D10,B-0064,WGS_i7_586,GTTGGAAT,B-0103,WGS_i5_304,CCGAATGC,GCATTCGG
365,4,E10,327_070_1_2,30.89,1.86,1.76,21.25,3,100,5.39,16.16,5.09,9.30,15.70,1.86,10.78,14.22,,,,6.93,9.4,16,,E10,B-0064,WGS_i7_586,GTTGGAAT,B-0104,WGS_i5_334,CCTGCCTT,AAGGCAGG
366,4,F10,332_071_3_4,35.35,1.96,1.78,21.72,3,100,7.07,21.20,0.52,7.10,17.90,1.69,11.86,13.14,,,,7.15,9.1,16,,F10,B-0064,WGS_i7_586,GTTGGAAT,B-0105,WGS_i5_537,GGATGGTA,TACCATCC
367,4,G10,498_119_3_1,36.75,1.9,1.7,21.46,3,100,6.85,20.54,0.92,7.30,17.70,1.59,12.60,12.40,,,,7.44,8.7,16,,G10,B-0064,WGS_i7_586,GTTGGAAT,B-0106,WGS_i5_549,GGCGTACT,AGTACGCC
368,4,H10,365_079_3_3,36.95,1.67,1.26,23.54,3,100,7.66,22.98,0.56,6.50,18.50,1.40,14.26,10.74,,,,7.12,9.1,16,,H10,B-0064,WGS_i7_586,GTTGGAAT,B-0107,WGS_i5_650,TCGATTCC,GGAATCGA
369,4,A11,358_077_5_3,39.76,1.83,1.51,25.23,3,100,6.10,18.30,6.93,8.20,16.80,1.87,10.72,14.28,,,,6.32,10.3,16,,A11,B-0065,WGS_i7_673,TGCGTATC,B-0100,WGS_i5_1,AACCAACG,CGTTGGTT
370,4,B11,363_079_1_1,17.72,1.75,0.68,7.17,1,0,6.20,6.20,0.97,8.10,16.90,2.02,9.89,15.11,,,,7.38,8.8,16,,B11,B-0065,WGS_i7_673,TGCGTATC,B-0101,WGS_i5_68,AATTCTAG,CTAGAATT
371,4,C11,440_114_5_1,47.7,1.74,1.46,37.27,3,100,8.24,24.73,12.54,6.10,18.90,2.17,9.23,15.77,,,,7.04,9.2,16,,C11,B-0065,WGS_i7_673,TGCGTATC,B-0102,WGS_i5_123,AGAACCGA,TCGGTTCT
372,4,D11,454_116_1_1,19.62,1.52,0.84,7.19,1,0,7.03,7.03,0.16,7.10,17.90,2.05,9.76,15.24,,,,8.3,7.8,16,,D11,B-0065,WGS_i7_673,TGCGTATC,B-0103,WGS_i5_304,CCGAATGC,GCATTCGG
373,4,E11,468_117_2_1,21.81,1.6,1.11,14.52,2,50,9.10,18.21,-3.69,5.50,19.50,1.52,13.15,11.85,,,,7.05,9.2,16,,E11,B-0065,WGS_i7_673,TGCGTATC,B-0104,WGS_i5_334,CCTGCCTT,AAGGCAGG
374,4,F11,484_118_3_4,19.17,1.71,1.13,12.92,1,0,12.33,12.33,0.59,4.10,20.90,2.06,9.72,15.28,,,,7.09,9.2,16,,F11,B-0065,WGS_i7_673,TGCGTATC,B-0105,WGS_i5_537,GGATGGTA,TACCATCC
375,4,G11,527_125_5_3,15.56,1.99,1.49,13.33,2,50,7.37,14.74,-1.41,6.80,18.20,1.86,10.78,14.22,,,,7.55,8.6,16,,G11,B-0065,WGS_i7_673,TGCGTATC,B-0106,WGS_i5_549,GGCGTACT,AGTACGCC
376,4,H11,780_229_3_4,42.16,1.82,1.78,27.54,3,100,7.15,21.44,6.10,7.00,18.00,1.73,11.58,13.42,,,,7.36,8.8,16,,H11,B-0065,WGS_i7_673,TGCGTATC,B-0107,WGS_i5_650,TCGATTCC,GGAATCGA
377,4,A12,532_127_1_2,28.02,2,1.68,15.55,2,50,7.68,15.36,0.19,6.50,18.50,1.73,11.57,13.43,,,,8.04,8.1,16,,A12,B-0066,WGS_i7_744,TTGCTTGC,B-0100,WGS_i5_1,AACCAACG,CGTTGGTT
378,4,B12,537_128_1_4,18.32,2.06,1.19,11.23,1,0,9.94,9.94,1.29,5.00,20.00,2.12,9.44,15.56,,,,7.93,8.2,16,,B12,B-0066,WGS_i7_744,TTGCTTGC,B-0101,WGS_i5_68,AATTCTAG,CTAGAATT
379,4,C12,558_162_3_2,18.75,1.84,1.25,10.88,1,0,10.63,10.63,0.25,4.70,20.30,2.17,9.20,15.80,,,,7.09,9.2,16,,C12,B-0066,WGS_i7_744,TTGCTTGC,B-0102,WGS_i5_123,AGAACCGA,TCGGTTCT
380,4,D12,563_164_5_2,25.03,1.63,1.36,12.31,1,0,12.50,12.50,-0.19,4.00,21.00,2.19,9.13,15.87,,,,7.4,8.8,16,,D12,B-0066,WGS_i7_744,TTGCTTGC,B-0103,WGS_i5_304,CCGAATGC,GCATTCGG
381,4,E12,568_166_1_2,14.08,1.46,0.76,7.25,1,0,6.14,6.14,1.11,8.10,16.90,2.05,9.75,15.25,,,,6.84,9.5,16,,E12,B-0066,WGS_i7_744,TTGCTTGC,B-0104,WGS_i5_334,CCTGCCTT,AAGGCAGG
382,4,F12,573_167_1_2,26.07,1.9,1.68,14.3,2,50,8.03,16.06,-1.76,6.20,18.80,1.87,10.69,14.31,,,,7.11,9.1,16,,F12,B-0066,WGS_i7_744,TTGCTTGC,B-0105,WGS_i5_537,GGATGGTA,TACCATCC
383,4,G12,698_177_3_2,39.27,1.88,1.79,18.15,2,50,9.58,19.16,-1.01,5.20,19.80,1.77,11.28,13.72,,,,7.15,9.1,16,,G12,B-0066,WGS_i7_744,TTGCTTGC,B-0106,WGS_i5_549,GGCGTACT,AGTACGCC
384,4,H12,784_230_3_2,36.92,1.74,1.41,15.22,2,50,8.11,16.22,-1.00,6.20,18.80,1.61,12.39,12.61,,,,8.34,7.8,16,,H12,B-0066,WGS_i7_744,TTGCTTGC,B-0107,WGS_i5_650,TCGATTCC,GGAATCGA
385,5,A01,019_012_3_1,17.02,1.87,1.6,11.51,1,0,10.44,10.44,1.07,4.80,20.20,3.48,5.75,19.25,,,,8.87,7.3,16,,A01,B-0086,WGS_I7_2,AACCAGGT,B-0100,WGS_i5_1,AACCAACG,CGTTGGTT
386,5,B01,036_013_5_3,34.77,1.92,2.06,22.96,3,100,8.19,24.57,-1.61,6.10,18.90,2.10,9.54,15.46,,,,8.51,7.6,16,,B01,B-0086,WGS_I7_2,AACCAGGT,B-0101,WGS_i5_68,AATTCTAG,CTAGAATT
387,5,C01,050_015_1_1,19.33,1.87,1.83,11.72,1,0,17.20,17.20,-5.48,2.90,22.10,2.15,9.30,15.70,,,,4.68,11,16,,C01,B-0086,WGS_I7_2,AACCAGGT,B-0102,WGS_i5_123,AGAACCGA,TCGGTTCT
388,5,D01,115_022_1_2,31.65,1.93,1.84,22.51,3,100,8.09,24.27,-1.76,6.20,18.80,1.98,10.09,14.91,,,,8.71,7.5,16,,D01,B-0086,WGS_I7_2,AACCAGGT,B-0103,WGS_i5_304,CCGAATGC,GCATTCGG
389,5,E01,120_024_1_4,21.34,1.94,2.39,13.7,2,50,8.23,16.46,-2.76,6.10,18.90,1.88,10.65,14.35,,,,6.22,10.5,16,,E01,B-0086,WGS_I7_2,AACCAGGT,B-0104,WGS_i5_334,CCTGCCTT,AAGGCAGG
390,5,F01,125_025_3_1,11.94,1.86,2.06,8.08,1,0,11.26,11.26,-3.18,4.40,20.60,2.12,9.43,15.57,,,,7.89,8.2,16,,F01,B-0086,WGS_I7_2,AACCAGGT,B-0105,WGS_i5_537,GGATGGTA,TACCATCC
391,5,G01,130_026_5_4,23.12,2.02,1.89,14.36,2,50,8.24,16.48,-2.12,6.10,18.90,2.01,9.95,15.05,,,,8.11,8,16,,G01,B-0086,WGS_I7_2,AACCAGGT,B-0106,WGS_i5_549,GGCGTACT,AGTACGCC
392,5,H01,163_034_1_2,15.34,2.26,1.7,8.67,1,0,11.82,11.82,-3.15,4.20,20.80,2.23,8.98,16.02,,,,7.58,8.6,16,,H01,B-0086,WGS_I7_2,AACCAGGT,B-0107,WGS_i5_650,TCGATTCC,GGAATCGA
393,5,A02,178_039_2_1,13.28,1.95,1.61,8.14,1,0,11.58,11.58,-3.44,4.30,20.70,2.13,9.39,15.61,,,,10.09,6.4,16,,A02,B-0087,WGS_I7_19,AAGAACCG,B-0100,WGS_i5_1,AACCAACG,CGTTGGTT
394,5,B02,195_040_3_2,20.92,1.93,1.77,13.64,2,50,7.85,15.70,-2.06,6.40,18.60,1.93,10.36,14.64,,,,8.53,7.6,16,,B02,B-0087,WGS_I7_19,AAGAACCG,B-0101,WGS_i5_68,AATTCTAG,CTAGAATT
395,5,C02,214_042_5_1,16.47,2,1.48,8.77,1,0,11.54,11.54,-2.77,4.30,20.70,1.93,10.36,14.64,,,,8.47,7.7,16,,C02,B-0087,WGS_I7_19,AAGAACCG,B-0102,WGS_i5_123,AGAACCGA,TCGGTTCT
396,5,D02,255_052_1_1,11.02,2.17,1.32,6.87,1,0,8.90,8.90,-2.03,5.60,19.40,1.83,10.96,14.04,,,,8.31,7.8,16,,D02,B-0087,WGS_I7_19,AAGAACCG,B-0103,WGS_i5_304,CCGAATGC,GCATTCGG
397,5,E02,260_053_1_2,13.96,1.72,1.59,7.5,1,0,9.80,9.80,-2.30,5.10,19.90,2.17,9.23,15.77,,,,7.55,8.6,16,,E02,B-0087,WGS_I7_19,AAGAACCG,B-0104,WGS_i5_334,CCTGCCTT,AAGGCAGG
398,5,F02,265_054_3_4,15.48,1.98,2.38,9.89,1,0,12.23,12.23,-2.34,4.10,20.90,2.20,9.09,15.91,,,,8.09,8,16,,F02,B-0087,WGS_I7_19,AAGAACCG,B-0105,WGS_i5_537,GGATGGTA,TACCATCC
399,5,G02,270_055_5_2,29.42,2.07,2.31,18.44,2,50,9.88,19.76,-1.32,5.10,19.90,1.97,10.15,14.85,,,,8.22,7.9,16,,G02,B-0087,WGS_I7_19,AAGAACCG,B-0106,WGS_i5_549,GGCGTACT,AGTACGCC
400,5,H02,297_062_1_2,14.22,2.19,1.73,8.7,1,0,11.25,11.25,-2.55,4.40,20.60,2.08,9.62,15.38,,,,7.4,8.8,16,,H02,B-0087,WGS_I7_19,AAGAACCG,B-0107,WGS_i5_650,TCGATTCC,GGAATCGA
401,5,A03,302_063_1_4,17.32,1.73,1.59,9.6,1,0,13.64,13.64,-4.04,3.70,21.30,2.22,9.01,15.99,,,,10.13,6.4,16,,A03,B-0088,WGS_I7_20,AAGACCGC,B-0100,WGS_i5_1,AACCAACG,CGTTGGTT
402,5,B03,307_064_3_1,23.61,1.93,2.3,12.61,1,0,18.30,18.30,-5.69,2.70,22.30,2.09,9.56,15.44,,,,9.7,6.7,16,,B03,B-0088,WGS_I7_20,AAGACCGC,B-0101,WGS_i5_68,AATTCTAG,CTAGAATT
403,5,C03,312_065_5_3,24.5,1.94,2.3,14.18,2,50,8.18,16.36,-2.18,6.10,18.90,1.88,10.61,14.39,,,,8.73,7.4,16,,C03,B-0088,WGS_I7_20,AAGACCGC,B-0102,WGS_i5_123,AGAACCGA,TCGGTTCT
404,5,D03,686_176_3_3_d2,22.59,2.06,2.06,13.3,2,50,8.47,16.94,-3.64,5.90,19.10,1.69,11.80,13.20,,,,9.26,7,16,,D03,B-0088,WGS_I7_20,AAGACCGC,B-0103,WGS_i5_304,CCGAATGC,GCATTCGG
405,5,E03,339_073_1_4,20.57,1.96,2.09,13.63,2,50,7.93,15.86,-2.23,6.30,18.70,1.72,11.61,13.39,,,,8.52,7.6,16,,E03,B-0088,WGS_I7_20,AAGACCGC,B-0104,WGS_i5_334,CCTGCCTT,AAGGCAGG
406,5,F03,344_074_1_4,9.354,2.29,2.19,6.98,1,0,8.96,8.96,-1.98,5.60,19.40,2.06,9.70,15.30,,,,8.28,7.9,16,,F03,B-0088,WGS_I7_20,AAGACCGC,B-0105,WGS_i5_537,GGATGGTA,TACCATCC
407,5,G03,349_075_3_4,16,2.37,1.99,9.62,1,0,12.26,12.26,-2.64,4.10,20.90,2.20,9.07,15.93,,,,8.38,7.8,16,,G03,B-0088,WGS_I7_20,AAGACCGC,B-0106,WGS_i5_549,GGCGTACT,AGTACGCC
408,5,H03,354_076_5_4,16.26,1.95,1.64,7.64,1,0,10.94,10.94,-3.30,4.60,20.40,1.95,10.27,14.73,,,,3.74,11,16,,H03,B-0088,WGS_I7_20,AAGACCGC,B-0107,WGS_i5_650,TCGATTCC,GGAATCGA
409,5,A04,379_110_1_3,9.998,1.85,1.57,6.41,1,0,7.94,7.94,-1.53,6.30,18.70,2.20,9.11,15.89,,,,8.87,7.3,16,,A04,B-0089,WGS_I7_309,CCTAGATA,B-0100,WGS_i5_1,AACCAACG,CGTTGGTT
410,5,B04,391_111_2_1,13.82,2.25,1.84,8.01,1,0,10.79,10.79,-2.78,4.60,20.40,1.94,10.31,14.69,,,,8.35,7.8,16,,B04,B-0089,WGS_I7_309,CCTAGATA,B-0101,WGS_i5_68,AATTCTAG,CTAGAATT
411,5,C04,408_112_3_1,24.32,1.94,2.16,15.91,2,50,8.54,17.08,-1.17,5.90,19.10,1.76,11.37,13.63,,,,8.26,7.9,16,,C04,B-0089,WGS_I7_309,CCTAGATA,B-0102,WGS_i5_123,AGAACCGA,TCGGTTCT
412,5,D04,424_113_5_1,26.05,2.19,2.14,17.37,2,50,8.94,17.88,-0.51,5.60,19.40,1.98,10.10,14.90,,,,8.84,7.4,16,,D04,B-0089,WGS_I7_309,CCTAGATA,B-0103,WGS_i5_304,CCGAATGC,GCATTCGG
413,5,E04,064_016_2_1,14.51,1.85,1.91,9.58,1,0,11.39,11.39,-1.81,4.40,20.60,2.06,9.71,15.29,,,,7.95,8.2,16,,E04,B-0089,WGS_I7_309,CCTAGATA,B-0104,WGS_i5_334,CCTGCCTT,AAGGCAGG
414,5,F04,078_017_3_1,16.14,2,2.18,9.92,1,0,13.27,13.27,-3.35,3.80,21.20,1.95,10.24,14.76,,,,7.55,8.6,16,,F04,B-0089,WGS_I7_309,CCTAGATA,B-0105,WGS_i5_537,GGATGGTA,TACCATCC
415,5,G04,097_018_5_1,51.77,1.94,2.24,36.84,3,100,7.98,23.94,12.90,6.30,18.70,2.18,9.17,15.83,,,,4.54,11,16,,G04,B-0089,WGS_I7_309,CCTAGATA,B-0106,WGS_i5_549,GGCGTACT,AGTACGCC
416,5,H04,686_176_3_3_d3,21.91,1.96,1.51,10.47,1,0,13.40,13.40,-2.93,3.70,21.30,2.33,8.59,16.41,,,,8.24,7.9,16,,H04,B-0089,WGS_I7_309,CCTAGATA,B-0107,WGS_i5_650,TCGATTCC,GGAATCGA
417,5,A05,508_121_1_1,17.18,1.85,1.88,11.27,1,0,13.74,13.74,-2.47,3.60,21.40,2.03,9.85,15.15,,,,8.48,7.7,16,,A05,B-0090,WGS_I7_381,CGTTCCAT,B-0100,WGS_i5_1,AACCAACG,CGTTGGTT
418,5,B05,513_122_1_3,9.92,1.82,1.41,6.71,1,0,8.94,8.94,-2.23,5.60,19.40,1.74,11.48,13.52,,,,8.79,7.4,16,,B05,B-0090,WGS_I7_381,CGTTCCAT,B-0101,WGS_i5_68,AATTCTAG,CTAGAATT
419,5,C05,518_123_3_1,17.06,2.03,2.22,11.31,1,0,13.44,13.44,-2.13,3.70,21.30,1.91,10.46,14.54,,,,8.74,7.4,16,,C05,B-0090,WGS_I7_381,CGTTCCAT,B-0102,WGS_i5_123,AGAACCGA,TCGGTTCT
420,5,D05,523_124_5_3,11.87,1.94,1.7,7.15,1,0,9.01,9.01,-1.86,5.60,19.40,1.71,11.73,13.27,,,,8.15,8,16,,D05,B-0090,WGS_I7_381,CGTTCCAT,B-0103,WGS_i5_304,CCGAATGC,GCATTCGG
421,5,E05,544_159_1_1,10.01,2,1.79,4.05,1,0,7.87,7.87,-3.82,6.40,18.60,1.73,11.54,13.46,,,,8.39,7.7,16,,E05,B-0090,WGS_I7_381,CGTTCCAT,B-0104,WGS_i5_334,CCTGCCTT,AAGGCAGG
422,5,F05,549_160_1_3,6.764,1.82,1.11,5.95,1,0,4.25,4.25,1.70,11.80,13.20,1.90,10.51,14.49,,,,8.15,8,16,,F05,B-0090,WGS_I7_381,CGTTCCAT,B-0105,WGS_i5_537,GGATGGTA,TACCATCC
423,5,G05,182_039_3_1_d2,30.8,2.03,2.21,19.42,2,50,8.54,17.08,2.34,5.90,19.10,1.94,10.31,14.69,,,,7.85,8.3,16,,G05,B-0090,WGS_I7_381,CGTTCCAT,B-0106,WGS_i5_549,GGCGTACT,AGTACGCC
424,5,H05,554_161_3_1,12.18,1.95,1.02,6.14,1,0,7.31,7.31,-1.17,6.80,18.20,1.91,10.45,14.55,,,,4.14,11,16,,H05,B-0090,WGS_I7_381,CGTTCCAT,B-0107,WGS_i5_650,TCGATTCC,GGAATCGA
425,5,A06,135_029_1_1,7.046,1.62,1.35,6.65,1,0,9.44,9.44,-2.79,5.30,19.70,1.88,10.63,14.37,,,,8.14,8,16,,A06,B-0091,WGS_I7_423,CTGGTTCG,B-0100,WGS_i5_1,AACCAACG,CGTTGGTT
426,5,B06,140_030_1_3,10.16,2.12,1.38,5.96,1,0,7.64,7.64,-1.68,6.50,18.50,1.67,11.97,13.03,,,,8.09,8,16,,B06,B-0091,WGS_I7_423,CTGGTTCG,B-0101,WGS_i5_68,AATTCTAG,CTAGAATT
427,5,C06,145_031_3_3,21.97,1.9,2.12,13.05,2,50,7.06,14.12,-1.07,7.10,17.90,1.66,12.05,12.95,,,,8.09,8,16,,C06,B-0091,WGS_I7_423,CTGGTTCG,B-0102,WGS_i5_123,AGAACCGA,TCGGTTCT
428,5,D06,150_032_5_2,26.78,1.97,1.78,15.98,2,50,7.56,15.12,0.86,6.60,18.40,1.83,10.95,14.05,,,,7.78,8.4,16,,D06,B-0091,WGS_I7_423,CTGGTTCG,B-0103,WGS_i5_304,CCGAATGC,GCATTCGG
429,5,E06,589_169_1_2,20.76,2,2.28,13.37,2,50,7.61,15.22,-1.85,6.60,18.40,1.69,11.81,13.19,,,,7.53,8.6,16,,E06,B-0091,WGS_I7_423,CTGGTTCG,B-0104,WGS_i5_334,CCTGCCTT,AAGGCAGG
430,5,F06,603_170_2_1,33.79,2.02,2.26,22.37,3,100,6.35,19.05,3.32,7.90,17.10,1.72,11.65,13.35,,,,7.99,8.1,16,,F06,B-0091,WGS_I7_423,CTGGTTCG,B-0105,WGS_i5_537,GGATGGTA,TACCATCC
431,5,G06,BLANK8,0,0,0,0,1,0,-0.01,-0.01,0.01,24.00,1.00,0.05,24.00,1.00,,,,0.83,1,16,,G06,B-0091,WGS_I7_423,CTGGTTCG,B-0106,WGS_i5_549,GGCGTACT,AGTACGCC
432,5,H06,621_171_3_1,19.54,1.92,1.8,11.96,1,0,15.59,15.59,-3.63,3.20,21.80,1.99,10.03,14.97,,,,3.76,11,16,,H06,B-0091,WGS_I7_423,CTGGTTCG,B-0107,WGS_i5_650,TCGATTCC,GGAATCGA
433,5,A07,275_057_1_1,10.98,1.54,0.79,4.72,1,0,4.55,4.55,0.17,11.00,14.00,1.86,10.74,14.26,,,,7.34,8.9,16,,A07,B-0092,WGS_I7_533,GGATTACC,B-0100,WGS_i5_1,AACCAACG,CGTTGGTT
434,5,B07,280_058_1_4,7.176,1.72,0.99,8.7,1,0,3.91,3.91,4.79,12.80,12.20,1.78,11.26,13.74,,,,9.22,7,16,,B07,B-0092,WGS_I7_533,GGATTACC,B-0101,WGS_i5_68,AATTCTAG,CTAGAATT
435,5,C07,286_059_3_2,11.78,1.81,1.81,8.92,1,0,11.09,11.09,-2.17,4.50,20.50,1.67,11.99,13.01,,,,9.27,7,16,,C07,B-0092,WGS_I7_533,GGATTACC,B-0102,WGS_i5_123,AGAACCGA,TCGGTTCT
436,5,D07,291_060_5_3,8.571,2.74,1.86,8.73,1,0,8.36,8.36,0.37,6.00,19.00,1.78,11.25,13.75,,,,8.75,7.4,16,,D07,B-0092,WGS_I7_533,GGATTACC,B-0103,WGS_i5_304,CCGAATGC,GCATTCGG
437,5,E07,638_172_5_3,34.35,1.89,2.25,20.54,3,100,7.99,23.97,-3.43,6.30,18.70,1.64,12.23,12.77,,,,7.75,8.4,16,,E07,B-0092,WGS_I7_533,GGATTACC,B-0104,WGS_i5_334,CCTGCCTT,AAGGCAGG
438,5,F07,652_174_1_1,20.05,2.1,2.71,14.18,2,50,7.51,15.02,-0.84,6.70,18.30,1.78,11.26,13.74,,,,9.18,7.1,16,,F07,B-0092,WGS_I7_533,GGATTACC,B-0105,WGS_i5_537,GGATGGTA,TACCATCC
439,5,G07,575_167_5_3,10.34,2.59,2.14,8.97,1,0,7.96,7.96,1.01,6.30,18.70,1.81,11.06,13.94,,,,3.72,11,16,,G07,B-0092,WGS_I7_533,GGATTACC,B-0106,WGS_i5_549,GGCGTACT,AGTACGCC
440,5,H07,707_202_1_3,50.78,1.33,1.74,26.46,3,100,7.76,23.28,3.18,6.40,18.60,1.86,10.74,14.26,,,,5.2,11,16,,H07,B-0092,WGS_I7_533,GGATTACC,B-0107,WGS_i5_650,TCGATTCC,GGAATCGA
441,5,A08,713_203_1_4,19.62,1.88,1.49,11.77,1,0,12.74,12.74,-0.97,3.90,21.10,1.72,11.60,13.40,,,,7.9,8.2,16,,A08,B-0093,WGS_I7_546,GGTATCTA,B-0100,WGS_i5_1,AACCAACG,CGTTGGTT
442,5,B08,718_204_3_1,27.56,1.8,1.93,17.38,2,50,8.34,16.68,0.70,6.00,19.00,1.75,11.44,13.56,,,,8.66,7.5,16,,B08,B-0093,WGS_I7_546,GGTATCTA,B-0101,WGS_i5_68,AATTCTAG,CTAGAATT
443,5,C08,723_205_5_2b,15.72,1.74,1.33,7.21,1,0,8.35,8.35,-1.14,6.00,19.00,1.75,11.46,13.54,,,,8.65,7.5,16,,C08,B-0093,WGS_I7_546,GGTATCTA,B-0102,WGS_i5_123,AGAACCGA,TCGGTTCT
444,5,D08,756_223_5_4,20.89,1.97,1.94,12.15,1,0,13.11,13.11,-0.96,3.80,21.20,2.04,9.82,15.18,,,,8.53,7.6,16,,D08,B-0093,WGS_I7_546,GGTATCTA,B-0103,WGS_i5_304,CCGAATGC,GCATTCGG
445,5,E08,227_045_1_2,31.34,1.74,1.14,9.86,1,0,11.98,11.98,-2.12,4.20,20.80,1.81,11.06,13.94,,,,8.15,8,16,,E08,B-0093,WGS_I7_546,GGTATCTA,B-0104,WGS_i5_334,CCTGCCTT,AAGGCAGG
446,5,F08,240_046_2_1,55.01,1.93,2.19,32.63,3,100,9.32,27.96,4.67,5.40,19.60,1.76,11.34,13.66,,,,8.43,7.7,16,,F08,B-0093,WGS_I7_546,GGTATCTA,B-0105,WGS_i5_537,GGATGGTA,TACCATCC
447,5,G08,042_014_3_1_d4,29.44,2.01,1.85,16.46,2,50,8.41,16.82,-0.36,5.90,19.10,1.59,12.62,12.38,,,,9.17,7.1,16,,G08,B-0093,WGS_I7_546,GGTATCTA,B-0106,WGS_i5_549,GGCGTACT,AGTACGCC
448,5,H08,BLANK9,0,0,0,0,1,0,-0.10,-0.10,0.10,24.00,1.00,-0.05,24.00,1.00,,,,0.9,1,16,,H08,B-0093,WGS_I7_546,GGTATCTA,B-0107,WGS_i5_650,TCGATTCC,GGAATCGA
449,5,A09,765_226_1_1,22.27,1.71,1.84,14.84,2,50,7.38,14.76,0.08,6.80,18.20,1.54,12.97,12.03,,,,7.45,8.7,16,,A09,B-0094,WGS_I7_571,GTCGCTAG,B-0100,WGS_i5_1,AACCAACG,CGTTGGTT
450,5,B09,768_226_5_3,11.59,2.09,1.07,5.28,1,0,6.31,6.31,-1.03,7.90,17.10,1.59,12.59,12.41,,,,7.89,8.2,16,,B09,B-0094,WGS_I7_571,GTCGCTAG,B-0101,WGS_i5_68,AATTCTAG,CTAGAATT
451,5,C09,728_207_1_3,18.69,1.77,1.55,10.97,1,0,12.12,12.12,-1.15,4.10,20.90,1.81,11.07,13.93,,,,7.87,8.3,16,,C09,B-0094,WGS_I7_571,GTCGCTAG,B-0102,WGS_i5_123,AGAACCGA,TCGGTTCT
452,5,D09,733_208_1_3,28.71,1.99,2.26,17.59,2,50,9.11,18.22,-0.63,5.50,19.50,1.98,10.10,14.90,,,,7.92,8.2,16,,D09,B-0094,WGS_I7_571,GTCGCTAG,B-0103,WGS_i5_304,CCGAATGC,GCATTCGG
453,5,E09,738_209_3_2,22.01,1.96,2.18,14.06,2,50,7.66,15.32,-1.26,6.50,18.50,1.72,11.65,13.35,,,,8.37,7.8,16,,E09,B-0094,WGS_I7_571,GTCGCTAG,B-0104,WGS_i5_334,CCTGCCTT,AAGGCAGG
454,5,F09,743_210_5_1,49.33,1.89,2.44,30.99,3,100,9.82,29.46,1.53,5.10,19.90,1.95,10.25,14.75,,,,8.3,7.8,16,,F09,B-0094,WGS_I7_571,GTCGCTAG,B-0105,WGS_i5_537,GGATGGTA,TACCATCC
455,5,G09,771_227_3_3,20.58,2.03,2.08,13.32,2,50,6.14,12.28,1.04,8.10,16.90,1.69,11.83,13.17,,,,8.24,7.9,16,,G09,B-0094,WGS_I7_571,GTCGCTAG,B-0106,WGS_i5_549,GGCGTACT,AGTACGCC
456,5,H09,776_228_3_1,22.61,2.19,2.04,13.2,2,50,5.18,10.36,2.84,9.70,15.30,2.01,9.94,15.06,,,,4.9,11,16,,H09,B-0094,WGS_I7_571,GTCGCTAG,B-0107,WGS_i5_650,TCGATTCC,GGAATCGA
457,5,A10,668_175_2_1,10.18,1.95,1.02,3.7,1,0,5.44,5.44,-1.74,9.20,15.80,1.72,11.64,13.36,,,,8.25,7.9,16,,A10,B-0095,WGS_I7_627,TCAGAGAT,B-0100,WGS_i5_1,AACCAACG,CGTTGGTT
458,5,B10,686_176_3_3_d4,9.9,1.82,1.41,4,1,0,8.39,8.39,-4.39,6.00,19.00,1.75,11.42,13.58,,,,7.62,8.5,16,,B10,B-0095,WGS_I7_627,TCAGAGAT,B-0101,WGS_i5_68,AATTCTAG,CTAGAATT
459,5,C10,318_068_1_1,6.03,2.21,0.83,4.25,1,0,4.44,4.44,-0.19,11.30,13.70,1.66,12.02,12.98,,,,9.45,6.9,16,,C10,B-0095,WGS_I7_627,TCAGAGAT,B-0102,WGS_i5_123,AGAACCGA,TCGGTTCT
460,5,D10,323_069_1_4,8.6,1.94,0.9,7.1,1,0,4.92,4.92,2.18,10.20,14.80,1.74,11.47,13.53,,,,9.17,7.1,16,,D10,B-0095,WGS_I7_627,TCAGAGAT,B-0103,WGS_i5_304,CCGAATGC,GCATTCGG
461,5,E10,328_070_3_1,24.44,1.99,2.07,16.45,2,50,8.25,16.50,-0.05,6.10,18.90,1.69,11.80,13.20,,,,8.07,8.1,16,,E10,B-0095,WGS_I7_627,TCAGAGAT,B-0104,WGS_i5_334,CCTGCCTT,AAGGCAGG
462,5,F10,333_071_5_2,23.41,1.88,1.9,13.95,2,50,6.56,13.12,0.83,7.60,17.40,1.71,11.66,13.34,,,,8.48,7.7,16,,F10,B-0095,WGS_I7_627,TCAGAGAT,B-0105,WGS_i5_537,GGATGGTA,TACCATCC
463,5,G10,503_119_5_4,36.84,2,2.29,22.94,3,100,7.01,21.03,1.91,7.10,17.90,1.78,11.26,13.74,,,,8.54,7.6,16,,G10,B-0095,WGS_I7_627,TCAGAGAT,B-0106,WGS_i5_549,GGCGTACT,AGTACGCC
464,5,H10,366_079_5_2,18.14,1.88,1.71,9.94,1,0,10.25,10.25,-0.31,4.90,20.10,2.06,9.70,15.30,,,,8.01,8.1,16,,H10,B-0095,WGS_I7_627,TCAGAGAT,B-0107,WGS_i5_650,TCGATTCC,GGAATCGA
465,5,A11,359_078_1_2,15.84,1.84,1.95,10.28,1,0,10.52,10.52,-0.24,4.80,20.20,1.77,11.28,13.72,,,,7.47,8.7,16,,A11,B-0096,WGS_I7_652,TCTATGGA,B-0100,WGS_i5_1,AACCAACG,CGTTGGTT
466,5,B11,364_079_1_3,13.71,1.81,1.41,8.27,1,0,8.77,8.77,-0.50,5.70,19.30,1.69,11.85,13.15,,,,7.93,8.2,16,,B11,B-0096,WGS_I7_652,TCTATGGA,B-0101,WGS_i5_68,AATTCTAG,CTAGAATT
467,5,C11,442_115_1_1,6.954,2.2,1.63,5.18,1,0,5.20,5.20,-0.02,9.60,15.40,1.67,12.00,13.00,,,,7.66,8.5,16,,C11,B-0096,WGS_I7_652,TCTATGGA,B-0102,WGS_i5_123,AGAACCGA,TCGGTTCT
468,5,D11,456_116_2_1,17.49,1.91,1.8,11.32,1,0,10.42,10.42,0.90,4.80,20.20,1.96,10.23,14.77,,,,8.05,8.1,16,,D11,B-0096,WGS_I7_652,TCTATGGA,B-0103,WGS_i5_304,CCGAATGC,GCATTCGG
469,5,E11,472_117_3_1,19.98,1.89,2.29,15.26,2,50,7.83,15.66,-0.40,6.40,18.60,1.64,12.18,12.82,,,,7.35,8.8,16,,E11,B-0096,WGS_I7_652,TCTATGGA,B-0104,WGS_i5_334,CCTGCCTT,AAGGCAGG
470,5,F11,488_118_5_1,11.3,1.93,0.72,4.38,1,0,6.89,6.89,-2.51,7.30,17.70,1.77,11.32,13.68,,,,8.48,7.7,16,,F11,B-0096,WGS_I7_652,TCTATGGA,B-0105,WGS_i5_537,GGATGGTA,TACCATCC
471,5,G11,528_126_1_1,15.27,2.15,1.8,10,1,0,8.67,8.67,1.33,5.80,19.20,2.07,9.65,15.35,,,,8.8,7.4,16,,G11,B-0096,WGS_I7_652,TCTATGGA,B-0106,WGS_i5_549,GGCGTACT,AGTACGCC
472,5,H11,781_229_5_2,65.8,1.86,1.98,26.37,3,100,9.20,27.60,-1.23,5.40,19.60,1.84,10.85,14.15,,,,7.98,8.1,16,,H11,B-0096,WGS_I7_652,TCTATGGA,B-0107,WGS_i5_650,TCGATTCC,GGAATCGA
473,5,A12,533_127_1_3,20.76,1.74,1.55,11.88,1,0,13.12,13.12,-1.24,3.80,21.20,1.82,11.02,13.98,,,,6.49,10,16,,A12,B-0097,WGS_I7_666,TGAGGTTC,B-0100,WGS_i5_1,AACCAACG,CGTTGGTT
474,5,B12,538_128_3_1,12.09,1.84,1.23,6.49,1,0,6.97,6.97,-0.48,7.20,17.80,1.61,12.39,12.61,,,,7.59,8.6,16,,B12,B-0097,WGS_I7_666,TGAGGTTC,B-0101,WGS_i5_68,AATTCTAG,CTAGAATT
475,5,C12,559_162_5_2,9.503,1.81,0.86,4.4,1,0,5.26,5.26,-0.86,9.50,15.50,1.67,11.97,13.03,,,,6.83,9.5,16,,C12,B-0097,WGS_I7_666,TGAGGTTC,B-0102,WGS_i5_123,AGAACCGA,TCGGTTCT
476,5,D12,564_165_1_1,16.37,1.92,1.74,10.4,1,0,10.53,10.53,-0.13,4.70,20.30,1.98,10.10,14.90,,,,5.77,11,16,,D12,B-0097,WGS_I7_666,TGAGGTTC,B-0103,WGS_i5_304,CCGAATGC,GCATTCGG
477,5,E12,569_166_1_4,12.42,1.91,1.62,7.27,1,0,8.21,8.21,-0.94,6.10,18.90,1.67,11.99,13.01,,,,5.02,11,16,,E12,B-0097,WGS_I7_666,TGAGGTTC,B-0104,WGS_i5_334,CCTGCCTT,AAGGCAGG
478,5,F12,574_167_3_2,13.23,2.01,2.07,9.42,1,0,10.85,10.85,-1.43,4.60,20.40,1.74,11.51,13.49,,,,7.57,8.6,16,,F12,B-0097,WGS_I7_666,TGAGGTTC,B-0105,WGS_i5_537,GGATGGTA,TACCATCC
479,5,G12,701_177_5_4,15.46,1.97,1.15,5.97,1,0,7.76,7.76,-1.79,6.40,18.60,1.58,12.67,12.33,,,,8.3,7.8,16,,G12,B-0097,WGS_I7_666,TGAGGTTC,B-0106,WGS_i5_549,GGCGTACT,AGTACGCC
480,5,H12,785_230_5_1b,27.35,1.98,1.95,19.82,2,50,9.19,18.38,1.44,5.40,19.60,1.82,11.01,13.99,,,,7.84,8.3,16,,H12,B-0097,WGS_I7_666,TGAGGTTC,B-0107,WGS_i5_650,TCGATTCC,GGAATCGA