sample,reads,acgtnbases,acgtbases,theoretical_coverage
001_011_1_1,54443726,6399983488,6399950744,10.3225012
003_011_2_1,56919411,6799571508,6799535200,10.966992258064517
007_011_3_1,62782420,7432887313,7432851440,11.988470064516129
012_011_5_2,54155733,6231062652,6231028663,10.050046230645162
013_012_1_3,32098763,3954773906,3954754585,6.378636427419355
015_012_2_1,31715605,3923221653,3923200597,6.327742898387097
019_012_3_1,29554833,3679774776,3679755133,5.935088924193549
024_012_5_4,74981517,8592094025,8592047548,13.858141206451613
025_013_1_3,35779710,4268874992,4268851382,6.885244164516129
027_013_2_1,38758509,4881643196,4881616553,7.873575085483871
029_013_3_1,36408698,4534829369,4534805111,7.314201791935484
036_013_5_3,37577566,4630580061,4630555189,7.468637401612903
037_014_1_1,73726891,8611890372,8611842711,13.890068888709678
039_014_2_1,28217590,3516155020,3516134631,5.671184888709678
042_014_3_1_d1,40729518,5141625674,5141598255,8.292900411290322
042_014_3_1_d2,36704851,4547202297,4547178725,7.334159233870968
042_014_3_1_d3,24864197,3122909022,3122899186,5.036934170967742
042_014_3_1_d4,29675250,3681799775,3681780386,5.938355461290323
045_014_4_1,34365108,4293322158,4293299273,6.924676246774194
050_015_1_1,13943237,1730969068,1730959737,2.791870543548387
052_015_2_1,63157254,7566242381,7566200262,12.20354880967742
056_015_3_3,31408199,3869833935,3869811695,6.241631766129032
060_015_5_1,36774867,4488857895,4488834614,7.240055829032258
062_016_1_1,39474153,4895125338,4895099526,7.895321816129032
064_016_2_1,36473577,4470789773,4470765646,7.210912332258064
068_016_3_2,51120957,6083253608,6083220081,9.811645291935484
073_016_5_4,27797380,3300418575,3300400690,5.3232269193548385
075_017_1_3,33642309,4223969072,4223946328,6.812816658064516
076_017_2_1,36545794,4476543537,4476520277,7.22019399516129
078_017_3_1,36185950,4391921733,4391897961,7.083706388709677
085_017_5_4,69708764,8214937010,8214892057,13.249825898387098
086_018_1_2,30971511,3841356681,3841334436,6.195700703225806
088_018_2_1,37105233,4688912408,4688887115,7.562721153225806
093_018_3_2,31876819,3966107022,3966086011,6.3969129209677416
097_018_5_1,19958628,2392310607,2392298303,3.85854565
099_020_1_2,44866648,5299766968,5299737863,8.54796429516129
101_020_2_1,15798427,1936133700,1936122670,3.1227785
105_020_3_2,27876235,3504859090,3504840628,5.652968754838709
110_020_5_4,28486317,3511913342,3511895128,5.664346980645162
111_021_1_2,35218531,4036850166,4036828489,6.511013691935484
112_021_1_3,27350642,3340918733,3340900860,5.388549774193549
113_021_3_3,37129539,4583254820,4583230941,7.392307969354839
114_021_5_2,30002587,3679680563,3679662618,5.934939706451613
115_022_1_2,11922787,1490278596,1490271345,2.4036634596774196
116_022_1_3,66496854,7793330212,7793287208,12.569818077419354
117_022_3_3,30281607,3691845126,3691824178,5.9545551258064515
118_022_5_4,38055900,4699229651,4699204350,7.57936185483871
119_024_1_2,29766186,3662826131,3662807050,5.907753306451613
120_024_1_4,17032215,2140628866,2140617248,3.4526084645161292
121_024_3_3,60292624,7111732731,7111693669,11.470473659677419
122_024_5_1,25891871,3165211881,3165193523,5.105150843548387
123_025_1_1,31645011,3990819371,3990798173,6.436771246774193
124_025_1_3,33725464,4209667521,4209645623,6.78975100483871
125_025_3_1,32392785,3982814943,3982793678,6.4238607709677416
126_025_5_3,62767106,7301002807,7300963178,11.775747061290323
127_026_1_3,29063182,3587205243,3587184723,5.785781811290323
128_026_1_4,33871154,4339503062,4339479684,6.999160780645162
129_026_3_4,28050319,3539442816,3539423461,5.708747517741935
130_026_5_4,30192389,3713863971,3713844113,5.99007115
131_028_1_2,47220288,5378569628,5378541352,8.675066696774193
132_028_1_3,15751680,1841725315,1841719395,2.9705151532258065
133_028_3_3,41995986,5251679702,5251653404,8.470408716129032
134_028_5_1,41249125,5139283437,5139256197,8.289122898387097
135_029_1_1,40635072,4888265408,4888239567,7.884257366129032
136_029_1_2,52257591,6211849182,6211814387,10.019055462903227
137_029_3_2,38354943,4687021139,4686994553,7.5596686338709675
138_029_5_2b,40103450,5145525054,5145496961,8.299188646774194
139_030_1_1,42616580,5340763199,5340734874,8.614088506451614
140_030_1_3,43831411,5390701837,5390672634,8.694633280645162
141_030_3_2,47573065,5779976359,5779943539,9.322489579032258
142_030_5_2,39768189,4838862207,4838834618,7.804571964516129
143_031_1_1,55858945,6915299639,6915262720,11.153649548387097
144_031_1_3,40127814,5099024512,5098996943,8.224188617741936
145_031_3_3,46747000,5578363376,5578334049,8.997312982258064
146_031_5_2,44749830,5285058536,5285029334,8.524240861290323
147_032_1_2,35073450,4132300398,4132280678,6.6649688354838705
148_032_1_3,38860756,4896856880,4896831536,7.898115380645161
149_032_3_3,29021676,3657386042,3657368915,5.898982120967742
150_032_5_2,29509654,3505217592,3505201565,5.653550911290322
151_033_1_2,46832238,5596047823,5596016595,9.025833217741935
153_033_2_1,17257227,2159781681,2159769363,3.4834989725806453
156_033_3_1,27971127,3536786601,3536767638,5.704463932258064
162_033_5_4,32742851,4008817927,4008797709,6.4658027564516125
163_034_1_2,29872060,3742952044,3742932752,6.03698830967742
165_034_2_1,51047694,5558972757,5558946614,8.966042925806452
169_034_3_1,24708661,3011987865,3011972736,4.858020541935484
174_034_5_3,33362408,4120180016,4120159869,6.645419143548387
176_039_1_1,30805020,3846481353,3846460785,6.203969008064516
178_039_2_1,32903792,4039355058,4039333419,6.515053901612903
182_039_3_1_d1,78238074,8987254137,8987205534,14.495492796774194
182_039_3_1_d2,43517114,5295734919,5295707025,8.541462943548387
182_039_3_1_d3,37075027,4459358295,4459333115,7.192472766129033
182_039_3_1_d4,34044165,4346164703,4346141523,7.009905682258064
188_039_5_2,34784377,4112109808,4112087028,6.632398432258064
190_040_1_1,41975319,5198528478,5198500514,8.384678248387097
192_040_2_1,34662541,4300507002,4300484466,6.936265267741936
195_040_3_2,34425272,4285393347,4285370285,6.911887556451613
198_040_5_1,70047352,8261550193,8261504357,13.325007027419355
203_042_1_2,30652665,3675776570,3675755897,5.928638543548387
205_042_2_1,42721056,5273045397,5273017438,8.50486683548387
209_042_3_1,35197796,4379238938,4379215800,7.06325129032258
214_042_5_1,38879674,4613703051,4613678883,7.441417553225807
215_044_1_2,41102280,5049688241,5049659447,8.144612011290322
217_044_2_1,26643808,3346006156,3345986469,5.3967523693548385
221_044_3_2,44858303,5571995431,5571965633,8.987041343548388
226_044_5_2,29446545,3657272646,3657253767,5.898796398387097
227_045_1_2,39169796,4735763573,4735738983,7.6382886822580645
230_045_2_2,52087520,6276793868,6276758208,10.123803561290323
233_045_3_1,31848640,3880975677,3880953843,6.2596029725806455
237_045_5_1,35600661,4540798504,4540773812,7.323828729032258
239_046_1_2,43237375,5453801102,5453772546,8.796407332258065
240_046_2_1,33505997,4119942823,4119921056,6.645033961290323
244_046_3_1,56803028,6981744890,6981705448,11.260815238709677
250_046_5_2,29293121,3547693565,3547673371,5.722053824193549
251_051_1_3,56028250,6390265678,6390232399,10.30682645
252_051_1_4,24754659,3011049325,3011033028,4.856504883870968
253_051_3_1,33710159,4105895825,4105874999,6.6223790306451615
254_051_5_4,30220680,3675086290,3675068471,5.927529791935484
255_052_1_1,32422010,3898108997,3898090423,6.287242617741936
256_052_1_2,54390980,6303043176,6303008567,10.16614285
257_052_3_3,27802549,3436055182,3436035214,5.541992280645161
258_052_5_2,28573615,3524689112,3524670276,5.684952058064516
259_053_1_1,30362489,3803049889,3803030246,6.133919751612903
260_053_1_2,31046688,3805674330,3805654241,6.138152001612903
261_053_3_4,48416707,5585773907,5585743880,9.009264322580645
262_053_5_4,25109746,3072378411,3072361031,4.955421017741935
263_054_1_2,32115048,4028733337,4028711594,6.497921925806452
264_054_1_3,34007514,4257636357,4257613732,6.867118922580645
265_054_3_4,30815919,3794077194,3794056773,6.119446408064516
266_054_5_2,47790774,5508971912,5508942202,8.885390648387096
267_055_1_2,25300806,3175846179,3175827841,5.1223029693548385
268_055_1_3,37739558,4719840193,4719814580,7.612604161290323
269_055_3_1,28341187,3578982777,3578963659,5.7725220306451615
270_055_5_2,28708431,3520097724,3520078975,5.677546733870968
271_056_1_1,46277527,5221155183,5221128442,8.421174906451613
272_056_1_3,29676148,3572612540,3572593377,5.762247382258065
273_056_3_1,43426158,5372152578,5372125561,8.664718646774194
274_056_5_2,37772491,4627730106,4627705647,7.464041366129032
275_057_1_1,33233090,4096497575,4096476130,6.607219564516129
276_057_1_4,79753558,8974376265,8974327861,14.474722356451613
277_057_3_1,27487200,3377190922,3377171786,5.447051267741935
278_057_5_2,51045794,6391628240,6391593947,10.30902249516129
279_058_1_1,46721797,5826029012,5825998087,9.396771108064517
280_058_1_4,31266892,3848751392,3848730765,6.207630266129033
281_058_3_1,45226420,5365685611,5365656142,8.6542841
282_058_5_2,33424796,3966762381,3966740480,6.3979685161290325
284_059_1_1,45362871,5794240636,5794208985,9.345498362903227
285_059_1_2,44672604,5597131036,5597100550,9.027581532258065
286_059_3_2,27923905,3493218847,3493200095,5.634193701612904
287_059_5_3b,35793022,4271512993,4271490093,6.88950015
288_060_1_2,21942630,2652183707,2652169398,4.277692577419355
289_060_1_4,31666079,3997805889,3997788169,6.448045433870968
290_060_3_1,35250655,4374480054,4374458352,7.0555779870967745
291_060_5_3,29416481,3588320319,3588301870,5.787583661290323
293_061_1_1,28439083,3218470609,3218453501,5.191054033870968
294_061_1_3,16544749,2083774622,2083762401,3.360907098387097
295_061_3_4,28534111,3606376695,3606357438,5.81670554516129
296_061_5_4,29875072,3764321306,3764301512,6.071454051612903
297_062_1_2,31583683,3935584498,3935564039,6.347683933870968
298_062_1_3,71529175,8372211115,8372169489,13.503499175806452
299_062_3_2,26080715,3156579510,3156563082,5.091230777419355
300_062_5_4,36668922,4520133382,4520111279,7.290502062903226
301_063_1_3,32983158,4114027737,4114005396,6.635492574193548
302_063_1_4,29072139,3582106044,3582086825,5.7775593951612905
303_063_3_4,60385775,7328743714,7328703023,11.820488746774194
304_063_5_4,25099605,3112339265,3112321422,5.019873261290322
305_064_1_3,39253991,4966547233,4966520549,8.010517014516129
306_064_1_4,41249493,5192447534,5192419790,8.374870629032259
307_064_3_1,33531072,3952587426,3952567205,6.37510839516129
308_064_5_1b,56194292,6788042130,6788004026,10.948393590322581
309_065_1_1,32829496,3971511528,3971489234,6.405627796774193
310_065_1_2,44182868,5476453451,5476423974,8.832941893548387
311_065_3_4,46759977,5860341217,5860309608,9.452112270967742
312_065_5_3,27595126,3252883268,3252866835,5.246559411290322
314_066_1_1,64725383,7579097350,7579055714,12.224283409677419
315_066_1_2,38831828,4801932743,4801906233,7.745010053225807
316_066_3_4,55915824,7036100974,7036063279,11.348489159677419
317_066_5_1,53694271,6704111384,6704075538,10.813025061290322
318_068_1_1,51288700,6307077416,6307046292,10.172655309677419
319_068_1_2,54793889,6536773000,6536737985,10.543125782258064
320_068_3_2,33832821,4159469000,4159447370,6.708786080645162
321_068_5_2,52463048,6391119193,6391086802,10.308204519354838
322_069_1_3,50009972,6278088209,6278055978,10.125896738709677
323_069_1_4,42296962,5156277023,5156253227,8.316537462903225
324_069_3_1,62827742,7550351745,7550309495,12.177918540322581
325_069_5_3,45656136,5500294350,5500264893,8.871394988709678
326_070_1_1,47960109,6075382461,6075349620,9.798951
327_070_1_2,48816522,6196906476,6196873312,9.99495695483871
328_070_3_1,55910929,6736295011,6736262404,10.864939361290322
329_070_5_1,67745359,7657059633,7657018410,12.350029693548388
330_071_1_1,29454338,3653839195,3653819186,5.8932567516129035
331_071_1_2,43247357,5466547831,5466518162,8.816964777419354
332_071_3_4,48983510,6135910042,6135877112,9.896575987096774
333_071_5_2,55003715,6590718904,6590686753,10.630139924193548
335_072_1_1,54504646,6482018986,6481982565,10.454810588709677
336_072_1_2,24046704,2970002106,2969985268,4.790298819354839
337_072_3_4,38836625,4898753864,4898727607,7.901173559677419
338_072_5_3,35454774,4341624953,4341602295,7.002584346774194
339_073_1_4,28881598,3547198606,3547179796,5.721257735483871
340_073_1_2,45204561,5439409853,5439379633,8.773192956451613
341_073_3_2,22168254,2732277811,2732262501,4.406875001612903
342_073_5_2,34774513,4314421712,4314398847,6.958707817741936
343_074_1_1,37069212,4607801723,4607777437,7.431899091935484
344_074_1_4,31949409,3891521474,3891500818,6.276614222580645
345_074_3_3,54651503,6569555123,6569519074,10.595998506451613
346_074_5_2,24795037,3007304591,3007287856,4.850464283870968
347_075_1_2,37683731,4785760237,4785734735,7.718926991935484
348_075_1_3,13714597,1649972860,1649968644,2.661239748387097
349_075_3_4,26882060,3321348857,3321331426,5.356986170967742
350_075_5_3,36860080,4196890742,4196868692,6.769143051612903
351_076_1_1,17931394,2222571986,2222559331,3.5847731145161292
352_076_1_3,26775195,3387590736,3387572908,5.463827270967742
353_076_3_3,25018446,3113307343,3113291224,5.021437458064516
354_076_5_4,28067054,3387455462,3387438302,5.463610164516129
355_077_1_2,41965191,4838156446,4838131349,7.803437659677419
356_077_1_3,35959618,4414539266,4414515305,7.120185975806452
357_077_3_2,45874958,5831232518,5831203062,9.405166229032258
358_077_5_3,53387014,6667118713,6667082439,10.753358772580645
359_078_1_2,60079685,7206832613,7206795401,11.62386355
360_078_1_3,52717528,6060515435,6060482545,9.774971846774193
361_078_5_2,35335657,4328216293,4328192072,6.98095495483871
362_078_5_2,49238750,6171947830,6171915937,9.954703124193548
363_079_1_1,55534260,6914688719,6914652145,11.15266475
364_079_1_3,48990849,5960815672,5960784223,9.614168101612902
365_079_3_3,40453239,5066669582,5066643050,8.172004919354839
366_079_5_2,53252879,6446273624,6446242986,10.397166106451612
367_109_1_1,53810845,6216134552,6216103184,10.025972877419354
369_109_2_1,28609803,3420458975,3420441101,5.516840485483871
373_109_3_2,33276230,4107497985,4107478850,6.624965887096774
378_109_5_1,42230830,5312542258,5312513761,8.568570582258065
379_110_1_3,40476522,4981931503,4981904993,8.035330633870968
381_110_3_1,70649937,8100605718,8100561771,13.065422211290322
385_110_4_1,36600014,4387384996,4387360474,7.076387861290322
388_110_4_4,33684141,4294473803,4294450428,6.926532948387097
389_111_1_1,41551982,5162554238,5162526526,8.326655687096775
391_111_2_1,50183738,6024522665,6024491105,9.716921137096774
395_111_3_1,72518398,8363420294,8363374953,13.48931444032258
400_111_5_1,30231412,3770986931,3770965030,6.0822016612903225
402_112_1_2_d1,33232595,4098077533,4098057532,6.609770212903226
402_112_1_2_d2,40419815,5027305833,5027279201,8.10851484032258
402_112_1_2_d3,38179339,4604836026,4604810274,7.42711334516129
402_112_1_2_d4,45391307,5346346454,5346317329,8.623092466129032
404_112_2_1,36708019,4522397924,4522373766,7.294151235483871
408_112_3_1,46698711,5674598329,5674568322,9.152529551612902
414_112_5_1,55494213,6555676147,6555641690,10.573615629032258
416_113_1_3,29501697,3558893558,3558874584,5.740120296774194
418_113_2_1,33983200,4254711343,4254689065,6.862401717741935
422_113_3_1,31557661,3857279677,3857260227,6.221387462903226
424_113_5_1,26215802,3286135041,3286118455,5.300191056451613
428_114_1_2,53995749,6316180531,6316145746,10.187331848387096
430_114_2_1,33813381,4189633180,4189609282,6.757434325806452
434_114_3_1,48419361,6115037949,6115005346,9.862911848387096
440_114_5_1,41399330,5332718725,5332689752,8.601112503225806
442_115_1_1,42277365,5199840010,5199811743,8.386793133870968
444_115_2_1,49732708,5812830724,5812799651,9.375483308064515
447_115_3_1,36752572,4454173185,4454148699,7.18411080483871
453_115_5_3,45649403,5550100475,5550072487,8.951729817741935
454_116_1_1,42085283,5189827810,5189801833,8.370648117741936
456_116_2_1,42975651,5163587972,5163561765,8.328325427419355
460_116_3_1,56892113,6464340932,6464306247,10.426300398387097
465_116_5_4,43584360,5154723080,5154694738,8.314023770967742
466_117_1_1,58105672,7157538332,7157500217,11.544355188709677
468_117_2_1,44572211,5572954682,5572925946,8.988590235483871
472_117_3_1,39443420,4830263862,4830238428,7.790707141935484
478_117_5_2,70050983,7792891860,7792849650,12.569112338709678
479_118_1_2,32213819,3869250385,3869228206,6.240690654838709
481_118_2_1,41804601,5233485315,5233457871,8.441061082258065
484_118_3_4,40864338,5161627713,5161600195,8.32516160483871
488_118_5_1,32313352,3993876605,3993854921,6.441701485483871
492_119_1_3,43423289,5276060460,5276032209,8.509729369354838
494_119_2_1,44522770,5595033390,5595002766,9.02419800967742
498_119_3_1,37426646,4675317538,4675292613,7.540794537096774
503_119_5_4,50664779,6119394550,6119364834,9.869943280645161
504_120_1_1,59439556,6960254373,6960217875,11.226157862903225
505_120_1_2,44468859,5396804998,5396776987,8.704479011290323
506_120_3_3,35869250,4430612149,4430591552,7.146115406451613
507_120_5_3,37782836,4589031734,4589008302,7.401626293548387
508_121_1_1,56512890,6921061086,6921024223,11.16294229516129
509_121_1_4,73680058,8738310880,8738263106,14.093972751612903
510_121_3_2,45355083,5584893702,5584861792,9.0078416
511_121_5_2,43786760,5454780668,5454750698,8.797984996774193
512_122_1_2,44452757,5583034862,5583005004,9.004846780645162
513_122_1_3,48507689,6022766624,6022734698,9.714088222580646
514_122_3_4,83500753,9687755295,9687702336,15.625326348387096
515_122_5_4,43348519,5245161149,5245131755,8.459889927419354
516_123_1_2,47234328,5906855686,5906823485,9.527134653225806
517_123_1_3,47946072,5992014354,5991982720,9.664488258064516
518_123_3_1,47149408,5753343033,5753313032,9.279537148387098
519_123_5_4,49693680,5842846982,5842816237,9.423897156451613
520_124_1_2,38870970,4728925837,4728900412,7.627258729032258
521_124_1_3,35397063,4404889319,4404867258,7.104624609677419
522_124_3_3,34934248,4345710513,4345688921,7.009175679032258
523_124_5_3,42028866,5102457031,5102432002,8.22972903548387
524_125_1_1,69941855,7465670052,7465628600,12.041336451612903
525_125_1_4,34604948,4206046635,4206022837,6.783907801612903
526_125_3_2,43244694,5422805844,5422776811,8.746414211290322
527_125_5_3,41826393,5150112942,5150086155,8.306590572580646
528_126_1_1,32945679,4059377338,4059355604,6.5473477483870965
529_126_1_4,50218343,5998960737,5998932394,9.675697409677419
530_126_3_3,28576860,3580311496,3580292761,5.774665743548387
531_126_5_3,33516323,4206315617,4206294055,6.78434525
532_127_1_2,42102324,5284283971,5284255555,8.522992830645162
533_127_1_3,54798231,6747335669,6747299360,10.882740903225807
534_127_3_3,54696945,6523119018,6523083038,10.521101674193549
535_127_5_4,38815099,4841820919,4841793193,7.809343859677419
536_128_1_2,62543012,7707866109,7707825382,12.431976422580645
537_128_1_4,47853287,5981802120,5981769864,9.648015909677419
538_128_3_1,57625309,6931965910,6931929550,11.180531532258065
539_128_5_1,65473174,7053631536,7053595942,11.376767648387096
540_158_1_2,48542034,5860904488,5860871746,9.45301894516129
541_158_1_3,43570371,5316880987,5316850829,8.575565853225806
542_158_3_3,44692466,5578960470,5578930796,8.998275477419355
543_158_5_1,30497219,3723879921,3723860729,6.006226982258065
544_159_1_1,48162302,5842113985,5842083093,9.422714666129032
545_159_1_2,71381308,8315130399,8315084854,13.411427183870968
546_159_3_1_d1,36092777,4408515036,4408489981,7.1104677112903225
546_159_3_1_d2,44395484,5595809252,5595779265,9.025450427419354
546_159_3_1_d3,41752874,5224389169,5224361582,8.426389648387097
547_159_5_1,37127371,4539652653,4539628472,7.321981406451613
548_160_1_1,37754934,4591560279,4591536245,7.405703620967742
549_160_1_3,42548077,5166795229,5166768148,8.333497012903226
550_160_3_3,25928893,2958519222,2958503726,4.7717802032258065
551_160_5_3,29302965,3547927977,3547907981,5.722432227419355
552_161_1_2,30451403,3816033414,3816012430,6.154858758064516
553_161_1_3,39953510,4920694222,4920669057,7.936562995161291
554_161_3_1,42509531,5177531860,5177505575,8.350815443548386
555_161_5_2,55404153,6409668265,6409632843,10.338117488709678
556_162_1_1,45753713,5587336419,5587305257,9.011782672580646
557_162_1_3,57905079,7229076593,7229037947,11.65973862419355
558_162_3_2,48777126,6138714847,6138681671,9.901099469354838
559_162_5_2,53761406,6525575600,6525540925,10.525066008064517
560_164_1_2,52052740,5914107545,5914076886,9.538833687096774
561_164_1_4,28239417,3415537244,3415518693,5.508901117741935
562_164_3_2,47586675,5861198898,5861169143,9.453498617741936
563_164_5_2,43473308,5282055138,5282029205,8.519401943548386
564_165_1_1,41364951,5085433569,5085408605,8.202271943548388
565_165_1_4,51374839,6003126163,6003093053,9.68240815
566_165_3_1,39481995,4847096229,4847068576,7.817852541935484
567_165_5_3,50168335,6310149478,6310115176,10.177605122580646
568_166_1_2,43120916,5356707153,5356678916,8.639804703225806
569_166_1_4,38240881,4653892239,4653868033,7.506238762903226
570_166_3_1,45960338,5518023078,5517992289,8.899987562903226
571_166_5_2,36953957,4449651140,4449626356,7.176816703225806
572_167_1_1,39996715,5030251572,5030224319,8.113265030645161
573_167_1_2,40837891,5120251109,5120223754,8.25842540967742
574_167_3_2,39025584,4860331674,4860305073,7.839201730645161
575_167_5_3,23647348,2807550162,2807535612,4.52828324516129
576_168_1_1,29562713,3561412918,3561394849,5.74418524032258
578_168_2_1,23161106,2782463352,2782448363,4.487819940322581
582_168_3_1,44792160,5483708719,5483678138,8.844642158064516
588_168_5_2b,29581232,3679794733,3679773433,5.93511844032258
589_169_1_2,33495730,4170300050,4170278801,6.726256130645162
591_169_2_2,44976151,5276650832,5276621354,8.510679603225807
594_169_3_1,32293150,3937320936,3937298777,6.3504818983870965
600_169_5_4,43844427,5457175782,5457146690,8.8018495
601_170_1_1,39360254,4794698380,4794672827,7.7333432693548385
603_170_2_1,36993652,4466169402,4466146328,7.203461819354839
607_170_3_2,33070866,3896770868,3896749123,6.285079230645161
612_170_5_2,24161402,2919340557,2919324216,4.708587445161291
614_171_1_1,37023499,4672118801,4672094092,7.535635632258065
618_171_2_2,40438085,5097727295,5097700220,8.222097129032258
621_171_3_1,26853601,3293715242,3293698594,5.312417087096774
626_171_5_1,51885200,5765271645,5765240842,9.298775551612904
627_172_1_2,32039147,3843352328,3843331066,6.1989210741935485
629_172_2_1,44664073,5517083125,5517053635,8.89847360483871
630_172_3_1,34906576,4385088538,4385065443,7.072686198387097
638_172_5_3,30267720,3595276952,3595258353,5.79880379516129
639_173_1_1,35874481,4279991435,4279967461,6.903173324193548
641_173_2_1,28542124,3418683765,3418664426,5.513974880645161
644_173_3_1,38309372,4852238112,4852211856,7.82614815483871
650_173_5_1,37961630,4776742629,4776717144,7.704382490322581
652_174_1_1,30810450,3738330064,3738310431,6.029532953225806
654_174_2_1,54772432,6440157277,6440124192,10.387297083870967
658_174_3_1,44612624,5410466878,5410439612,8.726515503225807
664_174_5_3,45561966,5730317396,5730288326,9.24240052580645
666_175_1_1,37600569,4241628855,4241608875,6.8413046370967745
668_175_2_1,58230297,6959487132,6959453179,11.224924482258064
672_175_3_1,58847305,6871309541,6871271885,11.082696588709677
678_175_5_4,43998828,5430519208,5430489870,8.758854629032259
680_176_1_1,58784096,7315870880,7315831890,11.79972885483871
682_176_2_1,47977927,6067368823,6067336157,9.78602605967742
686_176_3_3_d1,43546632,5435796797,5435767399,8.767366772580646
686_176_3_3_d2,26262317,3160091146,3160076125,5.096896975806452
686_176_3_3_d3,29025352,3508212935,3508195082,5.658379164516129
686_176_3_3_d4,67885708,7984970759,7984933010,12.87892420967742
691_176_5_3,42225629,4957225841,4957198612,7.995481632258064
692_177_1_1,35745599,4095911756,4095887287,6.606269817741936
694_177_2_1,46537010,5937404845,5937372728,9.576407625806452
698_177_3_2,38433729,4769753774,4769728883,7.693111101612903
701_177_5_4,37314957,4449832552,4449809857,7.177112672580646
703_201_1_3,21107214,2401729319,2401716462,3.873736229032258
704_201_1_4,16689357,2057743298,2057731690,3.3189220806451614
705_201_3_2,31994868,3997167001,3997146488,6.447010464516129
706_201_5_2b,28348281,3550341657,3550323417,5.726328091935484
707_202_1_3,25697639,3168831318,3168814756,5.110991541935483
708_202_1_4,68021452,8141263412,8141218971,13.13099834032258
709_202_3_2,31730333,3873803237,3873783052,6.248037180645161
710_202_5_1,29407615,3638033688,3638017456,5.867770090322581
712_203_1_3,37841031,4811546809,4811521213,7.760518085483871
713_203_1_4,42768055,5173188964,5173161691,8.343809179032258
714_203_3_3,49437501,5999821710,5999788297,9.677077898387097
715_203_5_2,32020072,3884897661,3884876056,6.265929122580645
716_204_1_3,47439668,5876759848,5876728247,9.478593946774193
717_204_1_4,48902556,6188213731,6188180403,9.980936133870967
718_204_3_1,34607441,4330809192,4330785511,6.985137920967742
719_204_5_4,58693373,6954954964,6954916541,11.217607324193548
720_205_1_1,36009580,4434862521,4434837259,7.152963320967742
721_205_1_4,46063437,5843318602,5843286978,9.424656416129032
722_205_3_3,44393708,5696054434,5696024289,9.18713595
723_205_5_2b,39474735,4826274327,4826249376,7.784273187096774
724_206_1_1,41585291,4925127365,4925099947,7.943709591935484
725_206_1_2,42300460,5194910320,5194880813,8.378840020967742
726_206_3_2,43521094,5503170248,5503141607,8.87603485
727_206_5_4,38976039,4805729772,4805704716,7.751136638709678
728_207_1_3,48415729,5873301788,5873270480,9.473016903225806
729_207_1_4,40271069,4689422007,4689398639,7.563546191935484
730_207_3_3,36501492,4383906525,4383884121,7.0707808403225805
731_207_5_4,41497903,5137994025,5137967984,8.28704513548387
732_208_1_1,38257390,4811922694,4811898706,7.7611269451612905
733_208_1_3,28725800,3430062336,3430046023,5.53233229516129
734_208_3_2,43703089,5143206242,5143177780,8.295448032258065
735_208_5_2,39501351,4799471781,4799445121,7.7410405177419355
736_209_1_1,43521672,5489924288,5489895030,8.854669403225806
737_209_1_3,36894224,4629387783,4629363346,7.466715074193548
738_209_3_2,34014707,4193674243,4193652077,6.763954962903226
739_209_5_1,50560721,5771185491,5771153927,9.30831278548387
740_210_1_3,32635792,4019631917,4019608402,6.483239358064516
741_210_1_4,41396587,5163407815,5163380361,8.32803284032258
742_210_3_4,41046157,5148689807,5148662562,8.30429445483871
743_210_5_1,39237396,4612178579,4612154090,7.438958209677419
745_221_1_2,14777926,1870825699,1870814703,3.017443069354839
746_221_1_3,32831731,3960465329,3960445729,6.387815691935484
747_221_3_1,48388956,6055230248,6055198149,9.766448627419354
748_221_5_3,40604632,5034366137,5034339511,8.119902437096775
749_222_1_3,55058505,6548623807,6548587408,10.56223775483871
750_222_1_4,28058052,3413462495,3413443522,5.505554067741936
751_222_3_2,44995736,5547880356,5547850931,8.948146662903225
752_222_5_2,47996913,5653853955,5653823497,9.119070156451613
753_223_1_1,25901809,3161393663,3161376917,5.098995027419355
754_223_1_3,26040940,3311094071,3311078031,5.340448437096774
755_223_3_2,37886982,4785358295,4785333795,7.718280314516129
756_223_5_4,32608419,3893671575,3893652039,6.2800839338709675
757_224_1_2,21287229,2608944374,2608934883,4.207959488709678
758_224_1_4,15681641,1962350910,1962340154,3.165064764516129
759_224_1_3b,27952767,3546554871,3546536679,5.72022045
760_224_3_3,9336653,1155433394,1155427579,1.8635928693548387
761_225_1_2,39474093,4571524306,4571500881,7.373388517741936
762_225_1_4,34240801,4182579757,4182558423,6.746061972580645
763_225_3_1,39762472,4997612055,4997587643,8.060625230645162
764_225_5_3,32702341,3908885319,3908864873,6.304620762903226
765_226_1_1,41932292,5090261073,5090234326,8.21005536451613
766_226_1_3,47210389,5985174150,5985141470,9.653453983870968
767_226_3_2,38954516,4741458446,4741433851,7.6474739532258065
768_226_5_3,49057653,5906309253,5906278144,9.526255070967743
769_227_1_1,40455719,5101807425,5101779794,8.228677087096774
770_227_1_4,37436217,4649325535,4649301309,7.498873079032258
771_227_3_3,31902663,3752426070,3752407171,6.052269630645161
772_227_5_3,37180731,4281988185,4281965319,6.9063956758064515
774_228_1_1,25474961,3044189121,3044175275,4.909960120967742
775_228_1_2,33179200,4171550548,4171528589,6.728271917741935
776_228_3_1,29313262,3526659209,3526642130,5.688132467741935
777_228_5_4,30258386,3345327149,3345309751,5.395660888709678
778_229_1_1,31544075,3821994186,3821973481,6.164473356451613
779_229_1_4,41052844,5080076978,5080050746,8.193630235483871
780_229_3_4,34921148,4336371191,4336348927,6.994111172580645
781_229_5_2,41985123,5034484762,5034458740,8.120094741935484
782_230_1_1,15230282,1953239485,1953228258,3.150368158064516
783_230_1_3,31825776,4015183480,4015162017,6.476067769354839
784_230_3_2,38536064,4796299450,4796274447,7.7359265274193545
785_230_5_1b,40720113,5106001675,5105974850,8.235443306451613
A18_10,59191120,7908625390,7908511669,12.755663982258065
Acacia_acuminata_ANBG,110627239,14920085304,14919967508,24.064463722580644
Acacia_dealbata,179348266,24343404478,24343209754,39.26324153870968
Acacia_melanoxylon,124297854,16702862842,16702731858,26.93989009354839
Angophora_floribunda_ANU_Banks_Building,134791452,18290773322,18290631018,29.501017770967742
B35_15,61979409,8608860201,8608711105,13.885017911290323
C29_10,43453943,5975367510,5975264044,9.637522651612903
CCA0003,54388312,7569151239,7569092749,12.208214111290323
CCA0016,52729077,7405725820,7405660259,11.944613320967742
CCA0037,47228054,6637451981,6637393545,10.70547345967742
CCA0038,39648562,5544523388,5544476737,8.942704414516129
CCA0124,34219897,4783286190,4783244261,7.714910098387096
CCA0137,39876138,5605471138,5605421968,9.041003174193548
CCA0164,53577677,7515865766,7515801075,12.122259798387097
CCA0175,31918180,4460963853,4460925987,7.195041914516129
CCA0218,21549748,3025120240,3025094312,4.879184374193549
CCA0248,51180075,7148431931,7148372065,11.529632362903225
CCA0266,19951227,2797823849,2797801193,4.512582569354839
CCA0278,38614595,5365038910,5364992622,8.653213906451613
CCA0375,20681434,2898754633,2898728865,4.675369137096774
CCA0390,52309466,7256570932,7256508154,11.70404540967742
CCA0405,42820633,6016227772,6016177277,9.703511737096774
CCA0431,51909006,7300265002,7300205564,11.774525103225807
CCA0455,34563748,4768181525,4768140490,7.690549177419355
CCA0465,37052340,5214322915,5214280689,8.410130143548388
CCA0466,22750148,3185314126,3185286822,5.137559390322581
CCA0525,12303028,1725215243,1725199854,2.7825804096774194
CCA0572,53310528,7405426732,7405367360,11.944140903225806
CCA0575,45635394,6391670438,6391615748,10.309057658064516
CCA0615,44177399,6233166537,6233115801,10.053412582258064
CCA0650,27038821,3782803716,3782769964,6.101241877419355
CCA0671,53021886,7474207266,7474146468,12.055074948387096
CCA0672,54146971,7587255571,7587188295,12.237400475806451
CCA0677,41895828,5864428365,5864377790,9.45867385483871
CCA0681,49733020,7020264948,7020207960,11.322916064516129
CCA0684,31133306,4380478528,4380441852,7.065228793548387
CCA0687,48717698,6838182293,6838123438,11.029231351612903
CCA0691,46172993,6443132551,6443075461,10.392057195161291
CCA0695,48032937,6764894624,6764837326,10.91102794516129
CCA0700,41615587,5820812660,5820762810,9.388327112903227
CCA0704,86198801,12065262771,12065160721,19.459936646774192
CCA0705,66027794,9265773952,9265692699,14.944665643548387
CCA0706,49133287,6871688126,6871629463,11.083273327419354
CCA0708,55182897,7788172040,7788108932,12.561466019354839
CCA0724,49666703,6955237822,6955179357,11.218031220967742
CCA0728,46108740,6444987968,6444932825,10.395052943548388
CCA0733,41589252,5791395432,5791344905,9.340878879032259
CCA0736,46662508,6552736529,6552678274,10.568835925806452
CCA0743,49727830,6943515432,6943458234,11.199126183870968
CCA0744,35317357,4945415888,4945374882,7.9764111
CCA0751,38254722,5358385436,5358337711,8.642480179032258
CCA0755,37550080,5276529629,5276484711,8.510459211290323
CCA0758,41533585,5863091368,5863043648,9.456522012903227
CCA0761,50568992,7100762089,7100698972,11.452740277419355
CCA0768,50450049,7146573192,7146515281,11.52663755
CCA0773,40990146,5762813209,5762762348,9.294777980645161
CCA0790,44855227,6298083580,6298030441,10.158113614516129
CCA0800,37780971,5299899822,5299853448,8.548150722580646
CCA0807,59272151,8360481879,8360409279,13.484531095161291
CCA0808,41293503,5810095552,5810044550,9.371039596774194
CCA0813,46377533,6523118107,6523063589,10.521070304838709
CCA0819,33139387,4624157491,4624118852,7.458256212903226
CCA0831,48539390,6837389255,6837328826,11.027949719354838
CCA0837,60108139,8421838823,8421769351,13.583498953225806
CCA0848,50537295,7075972723,7075909929,11.41275795
CCA0866,27480737,3836301856,3836267549,6.187528304838709
CCA0904,43323223,6107934718,6107883877,9.851425608064517
CCA0920,52498363,7346872988,7346807794,11.849689990322581
CCA0931,48868861,6808000631,6807944326,10.980555364516128
CCA0933,58122901,8188859886,8188793599,13.207731611290322
CCA0937,29400194,4147272634,4147237018,6.689091964516129
CCA0941,48754703,6811909595,6811850854,10.986856216129032
CCA0951,53655709,7428332112,7428277409,11.98109259516129
CCA0964,33273602,4675274129,4675233900,7.540699838709678
CCA0965,30838582,4332760202,4332722125,6.988261491935484
CCA0971,63973712,8949898575,8949819716,14.435193090322581
CCA1037,18510474,2594182949,2594160032,4.1841290838709675
CCA1085,42977826,6038926032,6038874369,9.74011995
CCA1111,21789862,3031945412,3031920554,4.890194441935484
CCA1122,41707369,5838015080,5837963093,9.41606950483871
CCA1135,59482035,8314820164,8314745967,13.410880591935484
CCA1192,26287297,3683598145,3683567356,5.941237670967742
CCA1212,50148907,7057139452,7057081541,11.382389582258064
CCA1256,52021649,7279534533,7279471539,11.741083127419355
CCA1266,49254087,6912848073,6912789349,11.14966024032258
CCA1297,47099228,6649132921,6649073994,10.724312893548387
CCA1300,53366938,7524734452,7524668185,12.136561588709677
CCA1302,43796618,6148817465,6148762975,9.917359637096775
CCA1366,50777879,7148330033,7148266952,11.529462825806451
CCA1370,47885956,6440622225,6440580492,10.388033051612902
CCA1377,43065333,6061942371,6061889160,9.777240580645161
CCA1413,42835435,6032593267,6032540522,9.729904067741936
CCA1439,56232052,7873393342,7873324402,12.698910325806452
CCA1474,28004013,3870740717,3870709634,6.2430800548387095
CCA1478,40447779,5666839264,5666789009,9.139982272580646
CCA1504,57133328,8019612947,8019546078,12.934751738709677
CCA1505,52800349,7455131857,7455067916,12.024303090322581
CCA1506,24704096,3428679042,3428650015,5.530080669354839
CCA1507,52467380,7408815951,7408754042,11.949603293548387
CCA1543,43011034,6013061625,6013010666,9.6984043
CCA1564,56215250,7916967487,7916902527,12.769197624193549
CCA1594,48729539,6855385177,6855327149,11.056979272580644
CCA1644,47117043,6573081606,6573023902,10.60165145483871
CCA1650,27778307,3906961769,3906927921,6.3014966467741935
CCA1654,54420794,7620281985,7620217754,12.290673796774193
CCA1655,39234067,5511035905,5510987581,8.888689646774193
CCA1657,24717308,3422505343,3422476150,5.520122822580645
CCA1660,29365940,4081535130,4081501831,6.583067469354838
CCA1680,38417384,5334316181,5334272342,8.603665067741936
CCA2812,46096939,6506057173,6506005587,10.493557398387097
CCA2829,44854610,6121905933,6121854847,9.873959430645161
CCA2857,35397865,4964611496,4964567804,8.007367425806452
CCA2909,40542397,5716321055,5716273113,9.219795343548387
CCA2917,54836872,7731806143,7731741860,12.470551387096775
CCA3005,55506994,7866118920,7866055266,12.687185912903226
CCA3011,34816251,4844329374,4844291321,7.813373098387097
CCA3012,44929971,6353742439,6353690801,10.247888388709677
CCA3035,57383790,8000565326,8000500920,12.904033741935484
CCA3041,54556206,7636768992,7636702926,12.317262783870968
CCA3051,54323851,7676763561,7676700957,12.381775737096774
CCA3062,45956886,6461493653,6461436665,10.42167204032258
CCA3092,48432316,6822245992,6822188904,11.00353049032258
CCA3107,24938623,3478675362,3478647804,5.610722264516129
CCA3130,29777405,4147351617,4147317945,6.6892224919354835
CCA3147,28865880,4015440766,4015407568,6.476463819354839
CCA3176,36654117,5156710225,5156665102,8.317201777419355
CCA3216,52696609,7429017509,7428951800,11.982180322580644
CCA3217,17440278,2316520187,2316507782,3.7363028741935485
CCA3247,44383497,6255464915,6255409585,10.089370298387097
CCA3248,46133980,6427600354,6427549517,10.36701535
CCA3250,38569240,5379789196,5379742440,8.67700393548387
CCA3261,46464782,6539786700,6539732365,10.547955427419355
CCA3263,40159131,5650678508,5650631854,9.11392234516129
CCA3271,32852089,4552183268,4552147841,7.342173937096774
CCA3322,33248713,4663424129,4663383565,7.5215863951612905
CCA3451,33393739,4663825068,4663784240,7.52223264516129
CCA3464,52132579,7343311683,7343248771,11.843949630645161
CCA3471,21824634,3022665215,3022639803,4.8752254887096775
CCA3651,54980752,7683762923,7683695607,12.393057430645161
CCA3711,37377945,5215961519,5215917948,8.412770883870968
CCA3821,48302413,6723472719,6723415414,10.844218409677419
CCA3837,52553906,7387756638,7387691532,11.915631503225807
CCA3841,65784030,9136165365,9136092871,14.735633662903226
CCA3887,44704681,6284469035,6284415543,10.136154101612902
CCA3893,62478228,8844820000,8844748252,14.265722987096774
CCA3899,65271675,9199035923,9198954979,14.83702415967742
CCA3916,56843295,7950335730,7950267957,12.823012833870967
CCA3997,36670417,5085988193,5085944485,8.203136266129032
CCA4557,37142680,5203685846,5203642654,8.392972022580645
CCA4706,67479068,9440643379,9440564820,15.226717451612902
CCA4770,43450706,6094195521,6094145821,9.829267453225807
CCA4776,41020133,5704850348,5704803022,9.201295196774193
CCA4821,36943260,5153915181,5153869424,8.312692619354838
CCA4877,38534143,5416278185,5416230103,8.73585500483871
CCA4913,48661911,6859661239,6859607056,11.063882348387096
CCA4939,57858878,8088791945,8088722171,13.046326082258064
CCA4957,81762141,11404739792,11404643175,18.394585766129033
CCA4960,30035138,4170140226,4170109740,6.725983451612903
CCA5060,50293471,7051235374,7051174361,11.372861872580645
CCA5180,42800637,6015237831,6015184572,9.7019106
CCA5319,44120108,6216169974,6216115178,10.025992222580646
CCA5408,62713512,8542113903,8542044731,13.777491501612904
CCA5430,27016038,3708623861,3708598879,5.98161109516129
CCA5558,44506739,6145680022,6145626566,9.912300912903225
CCA5568,29871884,4188536546,4188499976,6.7556451225806455
CCA5597,46744049,6372563734,6372508402,10.278239358064516
CCA5615,46879788,6578584796,6578530420,10.610532935483871
CCA5616,44438048,6253713852,6253661221,10.086550356451612
CCA5918,49623245,6989456544,6989398565,11.273223491935484
CCA5922,44890467,6305330844,6305275165,10.169798653225806
CCA5926,38101224,5203570234,5203526361,8.392784453225806
CCA5946,30252519,4272226168,4272191873,6.890632053225806
CCA5976,52441799,7382380075,7382314902,11.906959519354839
CCA6033,52521608,7391289446,7391223926,11.921328912903226
CCA6041,55928512,7776867968,7776804662,12.543233325806451
CCA6869,40394807,5696755444,5696705696,9.188234993548386
CCA6870,47506650,6668644961,6668588126,10.7557873
CCA6871,43008297,6089412501,6089363118,9.821553416129031
CMB0002,52855758,7087963290,7087843457,11.432005575806452
CMB0003,60697657,8238992039,8238841600,13.288454193548388
CMB0004,53527984,7279041955,7278909136,11.740176025806452
CMB0005,55829287,7592083437,7591946217,12.245074543548387
CMD0001,59028853,8018212456,8018067353,12.932366698387098
Corymbia_calophylla_ANBG,132865866,18039716222,18039572111,29.09608405
Corymbia_maculata_Arboretum_ACT,113704072,15434532018,15434408281,24.89420690483871
D3_13,42002929,5788162887,5788063155,9.335585733870968
E17_10,37161668,5079293528,5079208585,8.192271911290323
EB510,56573911,7366043318,7366015138,11.880669577419354
EB515,81284379,10651845869,10651792830,17.180311016129032
EB519,70686803,9245218105,9245171490,14.911566919354838
EB521,67715093,8843634967,8843589579,14.26385415967742
EB522,75939331,9964476949,9964430419,16.07166196612903
EB523,91598824,12139937309,12139873428,19.580441012903226
EB524,90347445,11940458075,11940396522,19.258704067741935
EB525,89378401,11877629905,11877569978,19.157370932258065
EB526,51401155,6744472372,6744446604,10.878139683870968
EB527,74777437,9893635186,9893586665,15.957397846774194
EB528,61107002,8090020130,8089978500,13.048352419354838
EB529,79582914,10559365888,10559312064,17.03114849032258
EB530,51995156,6841493838,6841464165,11.034619620967742
EB531,83279692,10838175326,10838117358,17.480834448387096
EB534,78910365,10389567423,10389513464,16.75727978064516
EB535,71858825,9457725791,9457677727,15.254318914516128
EB536,62493212,8208295086,8208259560,13.239128322580646
EmelCSIRO,125764889,17660543960,17660388680,28.484497870967743
EMW0001,122681326,16734604108,16734301952,26.9908096
EMW0002,105425513,14286539114,14286287640,23.04239941935484
EMW0003,121443883,16575405393,16575107039,26.73404361129032
EMW0004,46966287,6393291429,6393175593,10.311573537096773
EMW0005,39786628,5294398739,5294315744,8.539218941935484
EMW0006,59579563,8112611504,8112465757,13.084622188709677
ENE0001,73189633,9315965946,9315914704,15.025668877419355
ENE0005,82247066,10755830663,10755774155,17.34802283064516
ENE0008,89789235,11788878098,11788823764,19.014231877419355
ENE0009,87271601,11228384946,11228324214,18.11020034516129
ENE0010,98090213,12865659961,12865591762,20.75095445483871
ENE0011,94699233,12426513952,12426449042,20.04265974516129
ENE0014,92614752,12123201922,12123139630,19.55345101612903
ENE0015,86432583,11347906728,11347851074,18.302985603225807
ENE0023,55405225,7036688116,7036668680,11.349465612903225
ENE0024,93211553,12218495918,12218440177,19.707161575806452
ENE0026,106207474,13950283654,13950208518,22.50033631935484
ENE0028,93510093,12297396286,12297345894,19.834428861290323
ENE0030,111108658,14569442448,14569376944,23.49899507096774
ENE0031,83333136,11063974019,11063915094,17.845024345161292
ENE0032,94723515,12535945948,12535887436,20.21917328387097
ENE0033,114101847,14509291013,14509211216,23.40195357419355
ENE0034,118731034,15403130771,15403048211,24.843626146774195
ENE0036,96154056,12500507156,12500457291,20.162027888709677
ENE0038,98430955,12765852358,12765795771,20.58999317903226
ENE0040,93477482,12150188872,12150134834,19.596991667741936
ENE0042,100978698,13261517634,13261445052,21.389427503225807
ENE0044,70828001,9213528280,9213493932,14.860474083870967
Eucalyptus_albens_ANBG,112138459,15169350277,15169229472,24.466499148387097
Eucalyptus_brandiana,123935574,16588872139,16588751924,26.75605149032258
Eucalyptus_camadulensis_ANBG,109744975,14821620135,14821509346,23.90566023548387
Eucalyptus_cladocalyx,136615622,18466794332,18466650486,29.784920138709676
Eucalyptus_cloezania_ANBG,116225780,15765766389,15765641790,25.4284545
Eucalyptus_coolabah,48944089,6412235275,6412193283,10.342247230645162
Eucalyptus_curtisii_ANBG,69291847,9382488805,9382413059,15.132924288709678
Eucalyptus_decipiens,155534299,21248299726,21248130044,34.27117749032258
Eucalyptus_desmondensis,160601810,21840674671,21840500126,35.226613106451616
Eucalyptus_diversifolia,112035855,15293908120,15293790982,24.667404809677418
Eucalyptus_elata_ANBG,117816174,15925011896,15924895044,25.685314587096773
Eucalyptus_erythrocorys_ANBG,102914599,13980481399,13980373241,22.548989098387096
Eucalyptus_globulus_UTAS_Campus,107893508,14511648885,14511541594,23.405712248387097
Eucalyptus_gomphocephala,113053435,15226834994,15226724207,24.559232591935483
Eucalyptus_grandis,101916868,13668318510,13668215000,22.045508064516127
Eucalyptus_laeliae,114124127,15451888662,15451773191,24.92221482419355
Eucalyptus_leucophloia,107868087,14576437631,14576320773,23.51019479516129
Eucalyptus_marginata_ANBG,114587244,15353509855,15353399219,24.763547127419354
Eucalyptus_melliodora,123062955,16740907115,16740773526,27.001247622580646
Eucalyptus_microcorys_ANBG,90660937,12277734698,12277637502,19.802641132258064
Eucalyptus_morrisbyi_UTAS_Campus,114716520,15488928518,15488814515,24.98195889516129
Eucalyptus_ovata,142747092,19256617816,19256474674,31.058830119354838
Eucalyptus_patens,127352118,17288044526,17287908936,27.88372409032258
Eucalyptus_pterocarpa,112444525,14155905682,14155807439,22.831947482258066
Eucalyptus_pumila,124778515,16961822007,16961687625,27.35756068548387
Eucalyptus_pyriformis,146525119,19788986394,19788832481,31.917471743548386
Eucalyptus_regnans_Centurion,161980151,22025760505,22025583318,35.52513438387097
Eucalyptus_relicta_Whicher,140104363,18994312055,18994169534,30.635757312903227
Eucalyptus_salubris_ANBG,120217916,16191256394,16191130035,26.114725862903224
Eucalyptus_scyphocalyx,74138300,10173310142,10173229831,16.40843521129032
Eucalyptus_sideroxylon_ANBG,155093458,21021700319,21021532042,33.90569684193549
Eucalyptus_tenuipes_ANBG,63396059,8566806261,8566737992,13.817319341935484
Eucalyptus_tricarpa_Arboretum_ACT,109977362,14831882157,14831770485,23.92221045967742
Eucalyptus_viminalis_Tasmanian_Herbarium,97097825,13131836765,13131733493,21.180215311290322
Eucalyptus_virginea,141641285,19305820954,19305673386,31.13818288064516
Ex1_C,21000042,2878909985,2878859994,4.643322570967742
Ex2_C,17096800,2340479380,2340439287,3.7749020758064518
Ex3_C,10174703,1393103282,1393079636,2.2469026387096775
FDK10,66029831,8835384120,8835324479,14.250523353225807
GH1,24494718,3295223504,3295212242,5.31485845483871
GH2,20407516,2569843568,2569836720,4.144897935483871
GOL0001,38578836,5250440891,5250346661,8.468301066129031
GOL0002,49039518,6510789222,6510687974,10.501109635483871
GOL0003,59402184,8098050100,8097905564,13.061138006451612
GOL0004,72347489,9829776080,9829599361,15.854192517741936
GOL0005,57486998,7695958377,7695828811,12.412627114516129
GOL0006,71310349,9666640574,9666463726,15.591070525806451
GOL0007,54917356,7470391559,7470256188,12.048800303225807
GOL0008,58693940,7962529732,7962390358,12.842565093548387
GOL0009,42186017,5676542763,5676443267,9.155553656451612
GOL0010,57701555,7745983209,7745857019,12.493317772580646
GOL0011,54093995,7394313177,7394181200,11.926098709677419
GOL0012,67521192,9206339581,9206174070,14.848667854838709
GOL0013,58705103,7902844814,7902710200,12.746306774193549
GOL0014,58519333,7994505399,7994361093,12.89413079516129
GOL0015,58412575,7955168709,7955024212,12.830684212903225
GOL0016,55677858,7588526481,7588392405,12.239342588709677
GOL0017,52788025,7197679114,7197549537,11.608950866129032
GOL0018,62985645,8439381188,8439244604,13.61168484516129
GOL0019,74874444,10208353264,10208170015,16.464790346774194
GOL0020,73121002,9942574148,9942395232,16.036121341935484
GOL0021,70413656,9397677646,9397525143,15.157298617741935
GOL0022,67207355,9134130203,9133964618,14.732200996774193
GOL0023,61574454,8372480113,8372330191,13.503758372580645
GOL0024,45039014,5922141171,5922055883,9.551703037096773
GOL0025,50798288,6864958645,6864837019,11.072317772580645
GOL0026,45412580,6152201424,6152096809,9.922736788709678
GOL0027,59336718,8141944018,8141797085,13.131930782258065
GOL0028,75706162,10383449542,10383263200,16.74719870967742
GOL0029,38668567,5239467236,5239377874,8.450609474193548
GOL0030,69137244,9431843109,9431672051,15.212374275806452
GOL0031,72878680,9978009209,9977829180,16.09327287096774
GOL0032,78231439,10703137294,10702945490,17.262815306451614
GOL0033,48453108,6624201518,6624081685,10.684002717741935
GOL0034,32721589,4399187135,4399114938,7.095346674193548
GOL0035,63835731,8723824944,8723668403,14.070432908064516
GOL0036,85570633,11644412673,11644203119,18.780972772580647
GOL0037,52034970,6992658896,6992543436,11.27829586451613
GOL0038,65189069,8890542784,8890382398,14.339326448387096
GOL0039,61572721,8355154929,8355003152,13.47581153548387
GOL0040,50238240,6821776738,6821656128,11.002671174193548
GOL0041,52270793,7116275889,7116148280,11.477658516129033
GOL0056,74196877,9770657077,9770501889,15.75887401451613
GOL0057,100669858,13753885028,13753636660,22.183284935483872
GOL0058,95621697,13034728013,13034492131,21.02337440483871
GOL0059,80076517,10715085693,10714906566,17.28210736451613
GOL0060,91347788,12424999381,12424772261,20.03995525967742
Gund15,6452244,844083550,844078086,1.3614162677419355
Gund16,3743069,478624551,478620788,0.7719690129032258
Gund21,3084547,393177687,393174883,0.6341530370967742
Gund22,7456251,997399261,997391824,1.6086964903225807
Gund23,44534325,5963987640,5963943968,9.61926446451613
Gund24,4218100,556264392,556260344,0.8971941032258065
Gund26,495184,58649812,58649389,0.09459578870967741
H23_19,41243516,5610225337,5610142031,9.048616179032258
I16_10,57618531,7979836084,7979696735,12.87047860483871
I39_3,43917564,6044051129,6043945445,9.74829910483871
J293,34554733,4646877363,4646861849,7.494938466129033
J294,106254842,14232768200,14232689732,22.95595118064516
J295,67973526,9180581376,9180549899,14.807338546774194
J296,112646501,15210661746,15210567950,24.533174112903225
J298,167212801,22287092835,22286969283,35.94672465
J300,16677219,2259961718,2259953997,3.645087091935484
J301,167188730,22250677307,22250560627,35.88800101129032
J302,28312809,3841950821,3841940090,6.196677564516129
J303,177648507,23520188285,23520067010,37.935591951612906
J304,30997883,4249524894,4249514670,6.854055919354838
J307,103411843,12860014050,12859947119,20.741850191935484
J310,121823359,16168813650,16168722734,26.078585054838708
J311,125734538,16928520266,16928423239,27.30390845
J312,25269358,3491661094,3491652803,5.631698069354838
J315,110757954,14972347523,14972250102,24.148790487096775
J316,145667245,19661620093,19661494772,31.712088341935484
J317,123942884,16598558821,16598452325,26.771697298387096
J318,177730686,23871382464,23871236159,38.50199380483871
J319,116678401,15783009741,15782910533,25.456307311290324
J320,129842648,17459599253,17459487628,28.160463916129032
J321g,124428524,16708708708,16708610145,26.9493712016129
J322,140679792,18783540067,18783431906,30.295857912903227
J324,139949798,18856101081,18855991403,30.41288935967742
J326,146002957,19329377080,19329269301,31.176240808064517
J327,204971873,27572438629,27572258267,44.4713843016129
J328,112292392,14823752361,14823673951,23.90915153387097
J329,138238604,18405380020,18405277877,29.68593205967742
J330,83903204,10763138799,10763097872,17.359835277419354
J331,137755756,18292813264,18292705893,29.50436434354839
J333,208397791,27606306144,27606182450,44.52610072580645
J333a,106082306,14248742469,14248655921,22.981703098387097
J334,130178233,17516261823,17516163465,28.251876556451613
J335,125388479,16575722290,16575658607,26.734933237096776
J338,173356218,23472909072,23472767105,37.859301782258065
J339,131173745,17667048192,17666940840,28.495065870967743
J340,130995184,17485768984,17485662203,28.202680972580644
J341,136495979,18233044405,18232944809,29.407975498387096
J341a,28740305,3854916069,3854903062,6.217585583870968
J341b,28044411,3828600044,3828586157,6.175138962903226
J341c,31445508,4181368379,4181354960,6.744120903225807
J341d,25025050,3444456468,3444444810,5.55555614516129
J342,279905208,37867927574,37867693809,61.0769254983871
J342a,67220816,8942126494,8942101473,14.422744311290323
J342b,30469857,4092083346,4092070480,6.600113677419355
J342c,27302511,3690670633,3690656239,5.952671353225806
J342d,30043949,4103749815,4103739847,6.618935237096774
J343,158013514,21326779501,21326649138,34.39782119032258
J344,126845370,17076172053,17076059882,27.542032067741935
J345,234646232,31477550288,31477391240,50.769985870967744
J345a,31100151,4221148656,4221133026,6.808279074193549
J345b,20043620,2570930668,2570919084,4.146643683870968
J345c,39568684,5178294709,5178268571,8.352046082258065
J345d,29219812,3927094752,3927082694,6.33400434516129
J346,154546896,20555247770,20555144046,33.15345813870968
J347,231508549,31117719813,31117528895,50.189562733870964
J348,125674346,16975998922,16975901429,27.380486175806453
J349,154583441,20572683917,20572573575,33.181570282258065
J349a,29622560,3950057817,3950046373,6.371042537096774
J349b,30535746,4179184180,4179169772,6.740596406451613
J349d,28387474,3865831361,3865817288,6.235189174193549
J349e,23340415,3203632388,3203624822,5.1671368096774195
J349f,33820355,4623982202,4623966273,7.458010117741935
J349g,29167004,3920978463,3920965128,6.324137303225807
J349h,31483143,4202369505,4202354864,6.777991716129033
J349i,32408540,4302570879,4302556680,6.939607548387097
J349j,31324481,4256153552,4256138172,6.864738987096774
J350,143586799,19291438831,19291330235,31.115048766129032
J350a,22159872,3012650563,3012642897,4.8591014467741935
J350b,32357886,4437066150,4437053969,7.15653865967742
J350c,25677429,3527500860,3527490720,5.689501161290322
J350d,30186965,4117464480,4117455181,6.641056743548387
J350e,19183420,2522587084,2522581035,4.068679088709677
J350f,24501662,3354328549,3354317447,5.410189430645161
J350g,28103428,3802025269,3802011585,6.13227675
J350h,30958232,4250475707,4250463077,6.8555856080645166
J350i,31084430,4248306604,4248297366,6.852092525806452
J351,197869466,26626022273,26625887812,42.944980341935484
J352,87606069,11785692951,11785651823,19.009115843548386
J352a,29985185,4116901446,4116886919,6.640140191935484
J352b,31536789,4281943773,4281928038,6.906335545161291
J352c,18785664,2585177614,2585171280,4.169631096774194
J352d,30497681,4174216664,4174205873,6.732590117741935
J352e,27084769,3690782054,3690769110,5.952853403225807
J352f,7957629,1046923050,1046919744,1.6885802322580645
J352g,35034016,4701877473,4701863314,7.583650506451613
J352h,535442,71746146,71745980,0.11571932258064516
J352i,31546638,4271117358,4271101614,6.888873570967742
J353,107184094,14292757163,14292673987,23.05269997903226
J354,173175990,23345607303,23345465210,37.65397614516129
J355,166966829,22607295631,22607167462,36.46317332580645
J355a,29291868,3957032084,3957017269,6.382285917741935
J355b,151459695,20365446225,20365324631,32.84729779193548
J355c,887559,120039449,120039065,0.19361139516129033
J355d,21894367,3025326203,3025320920,4.879549870967742
J355e,23146509,3146778342,3146766970,5.0754305967741935
J355f,27703635,3790933215,3790920528,6.114387948387097
J355g,24479474,3349929153,3349918051,5.403093630645161
J357,149102582,20069746320,20069628454,32.37036847419355
J358,106723753,14240963411,14240892524,22.96918149032258
J359,178029135,24069767294,24069627769,38.821980272580646
J359a,29316617,3984114805,3984100275,6.425968185483871
J359b,24981849,3416466158,3416454420,5.51041035483871
J359c,39849150,5390252728,5390237132,8.693930858064515
J359d,35132457,4753911107,4753894316,7.667571477419354
J359e,25208554,3461520153,3461511970,5.583083822580645
J359f,33900864,4331202844,4331186725,6.985785040322581
J359g,26767555,3678855261,3678845170,5.933621241935484
J359h,18530646,2533859483,2533853372,4.086860277419355
J359i,32727204,4416929103,4416914752,7.124056051612903
J360,119886348,16067973016,16067880318,25.915935996774195
J361,167515375,22449680780,22449564316,36.208974703225806
J361a,19312104,2639607947,2639601898,4.257422416129033
J361b,26142784,3590500605,3590488514,5.791110506451613
J361c,30060016,4127253478,4127238833,6.656836827419355
J361d,26702938,3657791668,3657783188,5.8996503032258065
J361e,29061180,3962769933,3962759521,6.391547614516129
J361f,29006904,3983906149,3983895470,6.42563785483871
J361g,27079055,3711781090,3711767922,5.986722454838709
J361h,35343941,4719037811,4719022730,7.611326983870968
J361i,39031268,5200988148,5200971672,8.388663987096773
J362,147914782,19888669254,19888566697,32.078333382258066
J362a,30324140,4120221601,4120208369,6.645497369354839
J362b,30651109,4201472447,4201460447,6.776549108064516
J363,234553694,31344484742,31344323333,50.55536021451613
J364,130769761,17569601669,17569507569,28.33791543387097
J365,238631724,32185387740,32185180109,51.91158082096774
J366,212305773,28422631028,28422483386,45.84271513870968
J367,155734901,20860790169,20860683477,33.646263672580645
J367a,23248630,3174744940,3174737617,5.120544543548387
J367b,37710353,5169823720,5169808962,8.338401551612904
J367c,22898824,3102261680,3102251320,5.003631161290323
J367d,31513404,4270483945,4270468841,6.887852969354839
J367e,27781906,3783133729,3783125012,6.101814535483871
J367f,28241772,3850440475,3850427888,6.210367561290322
J367g,27284813,3702359343,3702346877,5.971527220967742
J367h,31685546,4263530805,4263516960,6.8766402580645165
J367i,150809935,20291210476,20291092186,32.727568041935484
J368,107765725,14421508387,14421415042,23.260346841935483
J369,135645954,17951524351,17951423124,28.95390826451613
J370,117849658,15875171879,15875071770,25.604954467741937
J371,123469832,16469605009,16469514120,26.563732451612903
J372,134043259,17994612916,17994509701,29.023402743548388
J373,134004910,17980989365,17980893227,29.00144068870968
J374,130007935,17232622377,17232527268,27.79439881935484
J374a,25868344,3504230063,3504218329,5.651965046774194
J374b,23659992,3190030638,3190018792,5.1451916
J374c,20037537,2706897441,2706891214,4.365953570967742
J374d,23436268,3178667263,3178656252,5.126864922580645
J374e,28346589,3812462794,3812450127,6.149113108064516
J374f,27869776,3762210095,3762196533,6.068058924193548
J374g,22009892,3037923234,3037912826,4.899859396774193
J374h,24381117,3302996004,3302985057,5.327395253225807
J374i,21878250,2962584314,2962574552,4.778346051612903
J375,154110569,20557580688,20557462238,33.15719715806451
J376,139100348,18537883649,18537768896,29.899627251612902
J376a,48469856,6559367493,6559346025,10.579590362903225
J376b,23591674,3102766848,3102758372,5.004448987096774
J376c,27713521,3758196291,3758182967,6.061585430645161
J376d,24911499,3349161223,3349149391,5.401853856451613
J376e,29381691,3952789435,3952775363,6.3754441338709675
J376f,22877677,3099642821,3099635657,4.99941235
J376g,19571415,2662249243,2662240169,4.293935756451613
J376h,30644367,4151609246,4151594033,6.696119408064516
J376i,30706064,4177310213,4177296071,6.7375743080645165
J377,119483531,15948716029,15948610373,25.723565117741934
J377a,23222794,3151159004,3151151982,5.082503196774193
J377b,29812399,4003357722,4003344184,6.457006748387097
J377c,29286961,3947415516,3947401903,6.366777262903226
J377d,29587585,4010987238,4010974022,6.4693129387096775
J377e,41627140,5643466404,5643453371,9.102344146774193
J377f,22927281,2896342416,2896328074,4.671496893548387
J377g,21320063,2910936343,2910926714,4.695043087096774
J377h,24533087,3330795544,3330784424,5.372232941935484
J377i,18487156,2422363515,2422357541,3.9070282919354837
J379,122936734,16559907617,16559804772,26.70936253548387
J381,127213173,16996572357,16996463462,27.41365074516129
J382,43041483,5601312844,5601282670,9.034326887096775
J382a,25880600,3528868503,3528860461,5.691710420967742
J382b,29133345,3948843415,3948830102,6.36908080967742
J382c,29005391,3939696858,3939686345,6.354332814516129
J382d,27100439,3697135989,3697126587,5.963107398387097
J382e,28118101,3834320302,3834306389,6.184365143548387
J382f,23332511,3167049822,3167041524,5.108131490322581
J382g,29568208,4024745372,4024734934,6.491507958064516
J382h,28579665,3887852161,3887841906,6.270712751612903
J382i,29867256,4061075045,4061064940,6.550104741935484
J383,99928712,13273358951,13273277860,21.408512677419356
J385,286087837,38681892139,38681712179,62.389858353225804
J385a,26007383,3545427893,3545415931,5.718412791935484
J385b,26219956,3571428780,3571416855,5.760349766129032
J385c,27472618,3723047864,3723035940,6.004896677419355
J385d,25517060,3471186163,3471178012,5.598674212903226
J385e,24774712,3378797325,3378789745,5.449660879032258
J385f,29649479,3976702388,3976689054,6.414014603225806
J385g,28686562,3900741842,3900729225,6.29149875
J385h,30607564,4206141770,4206129704,6.784080167741935
J385i,27959692,3819786873,3819777273,6.160931085483871
J386,105363743,14127574128,14127481159,22.78625993387097
J386a,27193657,3620410875,3620400407,5.83935549516129
J386b,25847788,3498344548,3498331963,5.642470908064516
J386c,24158061,3277289824,3277277725,5.285931814516129
J386d,14659004,1969218154,1969211160,3.1761470322580645
J386e,14189496,1927457576,1927451136,3.1087921548387096
J386f,21164315,2809283997,2809276840,4.531091677419355
J386g,17315043,2190563011,2190558216,3.5331584129032256
J386h,31920672,4307119381,4307106180,6.946945451612903
J386i,17328298,2343144639,2343136331,3.7792521467741937
J387,157598325,21215098647,21214966679,34.21768819193549
J387a,27667776,3739193189,3739179680,6.030934967741936
J387b,32969704,4528834587,4528821079,7.304550127419355
J387c,25399551,3445407370,3445396077,5.557090446774193
J387d,29895317,4042878381,4042863926,6.5207482677419355
J387e,27042472,3616335797,3616324516,5.8327814774193545
J387f,23414959,3181467465,3181456704,5.131381780645161
J387g,24830770,3339790496,3339779147,5.38674055967742
J387h,25801790,3445668187,3445657280,5.557511741935484
J387i,21134694,2866213303,2866206715,4.622914056451613
J388,11691147,1585319545,1585313869,2.5569578532258066
J388a,24922245,3399914808,3399904048,5.4837162064516125
J388b,24017609,3204287726,3204277977,5.168190285483871
J388c,14271252,1925774253,1925767453,3.106076537096774
J388d,13919058,1884217177,1884210613,3.0390493758064516
J388e,26806321,3646927997,3646914200,5.882119677419355
J388f,102216697,13776481826,13776398319,22.219997288709678
J388g,22864473,3108380987,3108369608,5.013499367741935
J388h,21272949,2911275374,2911266113,4.69559050483871
J388i,26723993,3620368713,3620355846,5.839283622580645
J389,95807543,12595635024,12595560351,20.31541992096774
J390,143861327,19325170426,19325038967,31.16941768870968
J390a,31531852,4294112538,4294097421,6.925963582258064
J390b,10217315,1389947930,1389942950,2.2418434677419357
J392,136320914,18345758717,18345651151,29.58975992096774
J393,131033058,17605491177,17605390511,28.395791146774194
J393a,22577854,3062984255,3062973779,4.940280288709677
J393b,12174502,1628025222,1628019541,2.625837969354839
J393c,23998654,3275595188,3275584710,5.28320114516129
J393d,27838115,3797387847,3797373936,6.124796670967742
J393e,30965557,4191512601,4191500019,6.760483901612903
J393f,21330299,2897088950,2897078531,4.672707308064516
J393g,23788631,3202014522,3202002839,5.164520708064516
J393h,22609574,2986667488,2986660067,4.817193656451613
J393i,24028767,3301731539,3301720954,5.325356377419355
J394,21258486,2901068418,2901060184,4.679129329032258
J394a,14810843,2010864990,2010858895,3.2433207983870966
J394b,25532779,3496324234,3496310745,5.639210879032258
J394c,19561728,2649932071,2649923493,4.27407015
J394d,21148257,2888154510,2888145021,4.658298420967742
J394e,22718084,3098656671,3098648400,4.99782
J394f,24057117,3236012705,3236001471,5.219357211290323
J394g,130598452,17595737294,17595617157,28.380027672580646
J395,115872788,15083919672,15083836224,24.328768103225805
J395a,72728493,9596040065,9595995912,15.477412761290323
J395b,24982881,3399346469,3399334817,5.482798091935484
J395c,24036028,3264299285,3264287705,5.264980169354839
J395d,23536575,3192643567,3192632377,5.1494070596774195
J395e,24048174,3259961499,3259950682,5.257984970967742
J395h,23064634,3127188892,3127177779,5.043835127419355
J397,2885468,387017382,387016037,0.6242194145161291
J398,121947604,16324966678,16324863316,26.330424703225805
J399,136498568,17894779633,17894679562,28.86238639032258
J400,105897659,13918165508,13918085071,22.448524308064517
J401,198995842,26512248278,26512104775,42.76145931451613
J401a,31238171,4241000850,4240988776,6.840304477419354
J401b,27598847,3759957048,3759946727,6.064430204838709
J401c,32287318,4383292843,4383280717,7.069807608064516
J401d,25083310,3420436689,3420428664,5.5168204258064515
J401e,30796472,4179452640,4179438477,6.741029801612903
J401f,33071390,4515594889,4515583347,7.283198946774194
J401g,29903994,4071158374,4071146018,6.56636454516129
J401h,32183390,4392927586,4392914965,7.085346717741936
J401i,55580150,7298545203,7298507267,11.77178591451613
J402,122673961,16420198821,16420093797,26.484022253225806
J403,125274161,16623391125,16623290780,26.811759322580645
J404,192853324,25625447065,25625300393,41.33112966612903
J405,236252787,30916123069,30915963737,49.864457640322584
J405a,32720187,4437730913,4437715710,7.157605983870968
J405b,24741944,3346683662,3346670878,5.397856254838709
J405c,21136044,2870261103,2870251039,4.629437159677419
J405d,35459817,4828308728,4828292623,7.787568746774194
J405e,31993933,4370794589,4370778611,7.049642920967742
J405f,24641334,3348342409,3348330353,5.4005328274193545
J405g,19042976,2590804301,2590795204,4.178701941935484
J405h,33578951,4546228018,4546211611,7.3325993725806455
J405i,26734733,3629321737,3629309774,5.853725441935484
J406,241103871,32299018019,32298806646,52.09484942903226
J406a,13906743,1877737343,1877730591,3.028597727419355
J406b,29954178,3954086356,3954075938,6.377541835483871
J406c,28324291,3821265775,3821252094,6.163309829032258
J406d,27753969,3757048514,3757036517,6.059736317741936
J406e,11989179,1623436877,1623430707,2.6184366241935484
J406f,34859323,4752173289,4752154855,7.66476589516129
J406g,38135854,5196420626,5196401750,8.38129314516129
J406h,33784248,4534448846,4534432695,7.313601120967742
J406i,34538959,4717996306,4717979180,7.609643838709677
J407,110331878,14599641537,14599567329,23.54768924032258
J408,134692147,17926113343,17925996363,28.91289735967742
J411,127281379,17001572657,17001469056,27.42172428387097
J412,127000131,16839984077,16839882038,27.161100061290323
J413,179645877,23706610308,23706489090,38.23627272580645
J413a,18352589,2500481540,2500473904,4.033022425806451
J413b,18726799,2397295547,2397283553,3.8665863758064516
J413c,27611988,3795300389,3795289758,6.121435093548387
J413d,43342119,5701421730,5701392546,9.195794429032258
J413e,49873506,6484638602,6484603308,10.459037593548388
J413f,28542604,3871299551,3871286042,6.24400974516129
J413g,46954052,6190764179,6190733242,9.985053616129033
J413h,50347814,6611511919,6611479894,10.663677248387097
J413i,46631204,6124907691,6124875646,9.878831687096774
J414,182531912,24439961558,24439823015,39.41906937903226
J414a,17380599,2355529726,2355522305,3.7992295241935485
J414b,27054504,3661098080,3661085680,5.904976903225807
J414c,36045865,4815584160,4815568192,7.767045470967742
J414d,44743626,5862031989,5862001153,9.454840569354838
J416,145966644,19538331116,19538219608,31.513257432258065
J416a,28880161,3856458152,3856444983,6.2200725532258065
J416b,15055214,2038811529,2038804386,3.288394170967742
J416c,9753363,1319520644,1319515726,2.128251170967742
J416d,24163610,3174278074,3174270424,5.119791006451613
J416e,28970661,3975233739,3975221661,6.411647840322581
J416f,23832628,3236929621,3236917983,5.220835456451613
J416g,26997599,3673913518,3673901841,5.925648130645161
J416h,27131487,3614739993,3614729532,5.8302089225806455
J416i,27476689,3742554414,3742540683,6.036355940322581
J417,118968650,15888110112,15888025523,25.625847617741936
J418,188949864,25404272463,25404133635,40.97440908870968
J418a,17944252,2357337194,2357329861,3.802144937096774
J418b,35941657,4888618985,4888602804,7.884843232258064
J418c,27792857,3790270038,3790259522,6.113321809677419
J418d,50395842,6650439336,6650409129,10.726466337096774
J418e,18005311,2431110141,2431101841,3.921132001612903
J418g,25950902,3527138957,3527126153,5.68891315
J418h,15614816,2105191700,2105184203,3.3954583919354837
J418i,26303034,3571859931,3571846863,5.761043327419355
J419,140454790,18994446699,18994337734,30.636028603225807
J419a,29850799,4066728771,4066712167,6.5592131725806455
J419b,36107384,4917823466,4917804855,7.931943314516129
J419c,28222631,3751287126,3751275891,6.050444985483871
J419d,29114798,3987395113,3987384673,6.431265601612903
J419e,15898340,2172770896,2172762808,3.504456141935484
J419f,25583068,3423232773,3423222500,5.521326612903226
J419g,29207151,3907610391,3907598398,6.302578061290323
J419h,27876782,3713797208,3713785948,5.989977335483871
J419i,25216903,3410023579,3410012012,5.500019374193548
J420,139169926,18594622277,18594506470,29.991139467741935
J421,178896095,24038907898,24038774303,38.77221661774193
J421a,53276159,6559899367,6559876911,10.580446630645161
J421b,35764306,4793580472,4793564343,7.731555391935484
J421c,65496994,8690312748,8690268629,14.01656230483871
J421d,56804114,7511305312,7511266064,12.114945264516129
J421e,52722837,6969008766,6968972163,11.240277682258064
J421f,57068079,7479553244,7479513040,12.063730709677419
J421g,59236796,7870679537,7870639087,12.694579172580646
J421h,48674031,6396712959,6396686070,10.317235596774193
J421i,43284582,5746532574,5746502732,9.268552793548388
J422,184154942,24399514046,24399380613,39.3538396983871
J422a,30201879,4075067578,4075053356,6.572666703225806
J422b,63596281,8354110834,8354066282,13.47430045483871
J422c,24380538,3278161673,3278149743,5.28733829516129
J422d,48481984,6380220851,6380193354,10.290634441935484
J422e,55948023,7482904919,7482883183,12.069166424193549
J422f,25735816,3452038659,3452027050,5.567785564516129
J422g,24261256,3315465901,3315457355,5.347511862903226
J422h,44174022,5835220254,5835190821,9.411598098387097
J422i,52090588,6925487841,6925452425,11.170084556451613
J423,122136372,15996129670,15996049266,25.800079461290323
J424,184235086,24674369363,24674233740,39.79715119354839
J424a,31263568,4235928993,4235914879,6.832120772580645
J424b,17366840,2357288637,2357281305,3.802066620967742
J424c,33005838,4482519103,4482507050,7.2298500806451615
J424d,18329835,2472597173,2472589827,3.988048108064516
J424e,30087730,4034298290,4034284527,6.506910527419355
J424f,23813955,3237262130,3237253560,5.221376709677419
J424g,22730122,3024367148,3024357723,4.877996327419355
J424h,42671398,5575820364,5575791982,8.993212874193548
J424i,39395321,5129181920,5129158314,8.27283599032258
J425,29579606,4069795778,4069783411,6.564166791935484
J425a,25300265,3420962846,3420953205,5.517666459677419
J425b,28534489,3874432043,3874416395,6.2490587016129036
J425c,36080323,4929120638,4929107622,7.950173583870968
J425d,25485633,3482048717,3482035622,5.616186487096774
J425e,45487628,6173859313,6173834917,9.957798253225807
J425f,35204096,4747414628,4747397832,7.657093277419355
J425g,20853282,2847207896,2847197390,4.5922538548387095
J425h,21978151,2995438117,2995429296,4.831337574193548
J425i,140838209,18932925994,18932805572,30.536783180645163
J426,92674099,12443473794,12443396083,20.069993682258065
J426a,22779997,3123759625,3123747070,5.038301725806452
J426b,23203636,3135166386,3135156612,5.056704212903226
J426c,23557587,3137437176,3137426889,5.06036595
J426d,16894066,2295095734,2295087473,3.7017539887096773
J426e,29547071,3843216602,3843196055,6.198703314516129
J426f,18887852,2587462979,2587455311,4.173315017741936
J426g,16585145,2263032624,2263024771,3.6500399532258063
J426h,22463967,3058478900,3058467589,4.93301224032258
J426i,22257209,3041131058,3041119376,4.905031251612903
J427,114671582,15298552304,15298460426,24.67493617096774
J427a,130174592,17213878321,17213786523,27.76417181129032
J428,15906367,2170113892,2170107404,3.5001732322580645
J428a,15536643,2118518889,2118512398,3.416955480645161
J428b,23375244,3192767795,3192754989,5.149604820967742
J428c,21790770,2969714138,2969705778,4.7898480290322585
J428d,94264622,12651949875,12651869013,20.406240343548387
J428e,18586419,2498482148,2498474015,4.029796798387097
J428f,16129779,2193601704,2193594042,3.5380549064516127
J428g,42786594,5862818768,5862803157,9.456134124193548
J428h,29931025,4006772027,4006759118,6.462514706451613
J428i,24520097,3362577379,3362568967,5.423498333870968
J429,23611285,3174206143,3174195439,5.119670062903226
J429a,42170998,5729391260,5729375559,9.240928320967742
J429b,18152715,2466617042,2466610030,3.9784032741935484
J429c,17183797,2354796215,2354788292,3.7980456322580647
J429d,21928098,2962999309,2962992102,4.779019519354839
J429e,28542862,3893783601,3893767886,6.280270783870968
J429f,124272932,16619560021,16619447527,26.805560527419356
J429g,15602424,2118130336,2118123009,3.416327433870968
J429h,19567558,2656665389,2656654953,4.284927343548387
J429i,15696099,2142479590,2142471991,3.455599985483871
J430,31901130,4341338703,4341323705,7.002135008064516
J430a,50839683,6907889897,6907868268,11.141723012903226
J430b,33778289,4568153885,4568141456,7.36797009032258
J430c,33277504,4498496221,4498481569,7.255615433870967
J430d,24877823,3387809808,3387797128,5.464188916129032
J430e,30669769,4174065002,4174048514,6.732336312903226
J430f,18344992,2481364037,2481356541,4.002187969354838
J430g,28749513,3931493477,3931483086,6.341101751612904
J430h,53133894,7236575166,7236556065,11.671864620967742
J430i,23166894,3116547509,3116536819,5.026672288709677
J431,151117373,20278545075,20278420763,32.70713026290323
J432,123334710,16515415790,16515317807,26.63760936612903
J433,28562083,3905955365,3905945530,6.29991214516129
J433a,108994496,14796748928,14796651742,23.865567325806452
J433b,29135664,3971399122,3971384663,6.405459133870968
J433c,38946919,5305697901,5305683633,8.557554246774194
J433d,31195744,4246099986,4246084894,6.848524022580645
J433e,22576902,3080857009,3080845400,4.969105483870968
J433f,25912119,3501876251,3501865254,5.648169764516129
J433g,25055307,3403634135,3403623842,5.489715874193548
J433h,20100619,2735636563,2735628285,4.412303685483871
J433i,38948715,4978975294,4978948972,8.030562858064517
J434,21993713,2995633648,2995623641,4.831651033870968
J434a,103329646,14006254143,14006162057,22.590583962903224
J434b,32573592,4384130329,4384115607,7.0711542048387095
J435,23036290,3139976661,3139964777,5.064459317741935
J435a,26804261,3660054568,3660039648,5.90328975483871
J435b,20722196,2822782926,2822775024,4.552862941935484
J435c,20607428,2804631291,2804620908,4.523582109677419
J435d,119961059,16197675961,16197569882,26.125112712903224
J435e,26773032,3657285454,3657270976,5.898824154838709
J435f,16849916,2296683684,2296676737,3.7043173177419355
J435g,19410236,2647949864,2647940801,4.27087225967742
J435h,26491935,3601413108,3601398585,5.80870739516129
J435i,22037974,2978546917,2978535433,4.804089408064516
J436,32344113,4399051805,4399039638,7.095225222580646
J436a,32843375,4503961804,4503945135,7.264427637096774
J436b,16406155,2229371422,2229363647,3.5957478177419353
J436c,38372271,5249381766,5249365118,8.466717932258064
J436d,116861460,15560053285,15559948318,25.09669083548387
J436e,20096879,2721834141,2721825965,4.390041879032258
J436f,23815938,3246633449,3246623583,5.23648965
J436g,18635253,2477197948,2477189549,3.995467014516129
J436h,21610674,2967753524,2967741112,4.786679212903226
J436i,20474283,2788931419,2788921327,4.49826020483871
J437,133011104,17867733921,17867618001,28.818738711290322
J438,138653815,18609529533,18609398825,30.01515939516129
K8_15,44906247,6216028196,6215920582,10.025678358064516
L5_15,49859741,6911186458,6911065787,11.146880301612903
LBM01A02,83902296,7695415293,7691277309,12.405285982258064
LBM01A03,72986316,6677350714,6673782249,10.764164917741935
LBM01A09,70263840,6146076890,6141458866,9.905578816129033
LBM01A12,67507822,5815094761,5812160615,9.37445260483871
LBM01B01,98372807,9094125496,9089084725,14.659814072580645
LBM01B02,72669024,6669452761,6665785310,10.751266629032258
LBM01B03,80128621,7351541457,7347586677,11.850946253225807
LBM01B05,74902848,6906621690,6902229577,11.13262835
LBM01B06,81818691,7546033695,7541278687,12.163352720967742
LBM01B07,71849345,6412524317,6407285838,10.334331996774193
LBM01B08,77674618,6935497023,6930003984,11.17742578064516
LBM01B09,63018947,5646979855,5642554595,9.100894508064517
LBM01B10,75222043,6540289325,6536878607,10.543352591935484
LBM01B12,50297106,4463482993,4460931989,7.19505159516129
LBM01C01,93666911,8652943179,8648163378,13.948650609677419
LBM01C02,97751615,8972141616,8967343049,14.46345653064516
LBM01C03,77717391,7103108921,7099253227,11.450408430645162
LBM01C04,145177271,13364192483,13356756421,21.543155517741937
LBM01C05,90321680,8368913142,8363569324,13.489627941935485
LBM01C06,55860094,5172142101,5168867199,8.336882579032258
LBM01C08,74396645,6612647759,6607478426,10.657223267741935
LBM01C09,74048043,6606390513,6601158087,10.647029172580645
LBM01C10,84214954,7515541699,7510953143,12.114440553225807
LBM01C12,76635479,6772134156,6768087571,10.916270275806452
LBM01D01,81990378,7521170147,7517130512,12.124404051612903
LBM01D03,91699528,8438647999,8434035654,13.603283312903226
LBM01D05,85810276,7909981789,7905048779,12.750078675806451
LBM01D06,82823167,7646300928,7641375673,12.324799472580645
LBM01D09,66905782,5964462525,5959693867,9.612409462903226
LBM01D10,75732384,6752201322,6748153547,10.88411862419355
LBM01D11,62839493,5496863180,5493835073,8.861024311290322
LBM01D12,64519568,5697932728,5694597895,9.184835314516128
LBM01E01,86453579,8006173581,8001761730,12.906067306451613
LBM01E02,70828198,6507802857,6504303416,10.490811961290323
LBM01E03,102950617,9544153839,9538018399,15.383900643548387
LBM01E04,86885196,8066299128,8061115825,13.001799717741935
LBM01E06,89047057,8201299993,8195996792,13.219349664516129
LBM01E08,61070220,5352361723,5348364375,8.626394153225807
LBM01E09,77615196,6926999253,6921473514,11.163666958064516
LBM01E12,78786274,6977614267,6973477648,11.247544593548387
LBM01F01,75173220,6923582772,6919774209,11.160926143548387
LBM01F02,83614938,7663462353,7659361294,12.353808538709677
LBM01F03,102042462,9492077541,9485957067,15.299930753225807
LBM01F05,79426157,7331660021,7327046678,11.817817222580645
LBM01F06,74138192,6779423154,6775113157,10.927601866129033
LBM01F07,62366418,5401320465,5397403200,8.705489032258065
LBM01F09,83842972,7464493521,7458637667,12.030060753225806
LBM01F10,76942874,6855521244,6851379607,11.050612269354838
LBM01F12,94825240,8465836019,8460741769,13.646357691935483
LBM01G01,92452978,8554076107,8549349006,13.78927259032258
LBM01G02,61489599,5658560651,5655530870,9.121823983870968
LBM01G03,82952717,7592976768,7588136687,12.23893014032258
LBM01G05,108391616,10073561900,10067150869,16.237340111290322
LBM01G06,76411723,7062483066,7057857293,11.38364079516129
LBM01G07,66572333,5937859070,5933134307,9.569571462903227
LBM01G08,74516346,6423977423,6419603855,10.354199766129032
LBM01G09,92501899,8256785884,8251812823,13.309375520967741
LBM01G11,65976805,5657837995,5655191889,9.12127724032258
LBM01H05,71141928,6566642021,6562495837,10.58467070483871
LBM01H06,86757060,7734391012,7728197560,12.464834774193548
LBM01H07,70385015,6274534445,6269592859,10.112246546774193
LBM01H08,73662990,6608511522,6603231473,10.650373343548386
LBM01H09,67626267,6011834787,6008190688,9.690630141935484
LBM01H10,90918203,8082110504,8077282911,13.027875662903226
LBM01H11,79757089,7065485185,7061254436,11.389120058064517
LBM01H12,102112360,9542973502,9533823101,15.377134033870968
LBM02A01,84293408,7872903086,7865367856,12.686077187096775
LBM02A03,76322714,7094092759,7087445978,11.431364480645161
LBM02A04,81580959,7352915913,7351004296,11.856458541935483
LBM02A08,84342104,7337700093,7336400423,11.832903908064516
LBM02A10,90521897,7781131993,7776924715,12.543426959677419
LBM02B01,89546751,8338483431,8330551003,13.436372585483872
LBM02B02,92742561,8652723153,8644439203,13.942643875806452
LBM02B03,75765206,7018449694,7011875275,11.30947625
LBM02B04,84134958,7594338650,7592363983,12.24574835967742
LBM02B05,64227978,5818153082,5816615703,9.38163823064516
LBM02B06,78463488,6855936066,6854694653,11.055959117741935
LBM02B07,83144383,7246515626,7245209203,11.68582129516129
LBM02B08,80596273,7064435707,7063141427,11.392163591935484
LBM02B09,135123349,12418227582,12411522714,20.018585022580645
LBM02B11,61868005,5291049655,5288252978,8.529440287096774
LBM02B12,81905808,7068278435,7064855490,11.394928209677419
LBM02C01,121448584,11121351600,11115278007,17.927867753225808
LBM02C02,69198824,6416515044,6410527352,10.339560245161291
LBM02C03,135229301,12076527886,12069831737,19.467470543548387
LBM02C04,138266773,12670480850,12663285136,20.42465344516129
LBM02C05,77019879,6919633057,6917850847,11.157823946774194
LBM02C06,93094317,8154415051,8152899881,13.149838517741935
LBM02C07,46080220,4024743302,4024005475,6.490331411290323
LBM02C08,77364977,6826087768,6824801633,11.00774456935484
LBM02C09,111795290,10287029876,10281486644,16.58304297419355
LBM02C10,87988724,7576282103,7572190883,12.213211101612902
LBM02C11,74723991,6283487821,6280243980,10.129425774193548
LBM02C12,74706812,6315195223,6312222506,10.181004041935484
LBM02D01,83402245,7779915183,7772499731,12.536289888709677
LBM02D02,102952841,9582425428,9573365892,15.440912729032258
LBM02D03,95379058,8889207317,8880897620,14.324028419354839
LBM02D04,81059365,7285912136,7284041270,11.748453661290323
LBM02D05,82297359,7478608626,7476613293,12.059053698387096
LBM02D07,125865435,11192144174,11189979709,18.04835436935484
LBM02D08,84531432,7486868822,7485464087,12.073329172580646
LBM02D09,154749737,14170719786,14163089718,22.84369309354839
LBM02D10,91503993,7822364811,7818193572,12.609989632258065
LBM02D11,71606798,6078351066,6075129168,9.798595432258065
LBM02D12,143784756,13222762315,13213190428,21.31159746451613
LBM02E01,93179550,8701520852,8693110400,14.021145806451614
LBM02E02,77451386,7210920749,7204159575,11.619612217741935
LBM02E03,83737016,7633945277,7631860691,12.309452727419355
LBM02E04,63727769,5751722403,5750219369,9.274547369354838
LBM02E05,94344222,8574465421,8572173751,13.82608669516129
LBM02E06,73663011,6424800946,6423638667,10.360707527419354
LBM02E07,69434003,6082327780,6081217722,9.808415680645162
LBM02E09,121767433,11199888740,11193882595,18.054649346774195
LBM02E10,64007055,5498556366,5495591288,8.863856916129032
LBM02E11,95425197,8208328640,8203851033,13.23201779516129
LBM02E12,100132642,8697841702,8693604195,14.02194225
LBM02F01,150357908,13702153783,13694539352,22.087966696774192
LBM02F02,82176856,7645235042,7638014489,12.319378208064515
LBM02F03,84268592,7632050556,7630047339,12.306527966129032
LBM02F04,103602967,9356494314,9354051544,15.087179909677419
LBM02F06,88176190,7754951054,7753499871,12.505644953225806
LBM02F07,65307626,5591607364,5590650372,9.017178019354839
LBM02F08,95401367,8164155038,8159729095,13.160853379032257
LBM02F09,67430941,5599583416,5596707912,9.02694824516129
LBM02F10,90131108,7607322414,7603221359,12.263260256451613
LBM02F11,118075209,10399521216,10393817501,16.76422177580645
LBM02G01,84398030,7867928821,7860499646,12.678225235483872
LBM02G02,72356688,6759698142,6753420456,10.892613638709678
LBM02G03,71425756,6385054140,6383425039,10.295846837096775
LBM02G04,72515227,6543654664,6541954597,10.551539672580645
LBM02G05,112755898,10326321967,10323563732,16.65090924516129
LBM02G06,88442931,7798671727,7797196201,12.57612290483871
LBM02G07,72072720,6412377171,6411150758,10.340565738709678
LBM02G08,133481711,12278906161,12272150585,19.79379126612903
LBM02G09,153616819,14139291713,14129189975,22.789016088709676
LBM02G10,52789939,4455457191,4453161087,7.182517882258065
LBM02G11,87117436,7579790610,7575975246,12.219314912903226
LBM02G12,52750278,4586019938,4583749922,7.393145035483871
LBM02H02,77374838,7177003284,7170264436,11.564942638709677
LBM02H03,95086647,8590843751,8588613148,13.852601851612903
LBM02H04,85707180,7654050742,7652081797,12.342067414516128
LBM02H05,95907372,8425897029,8424325882,13.587622390322581
LBM02H08,77019710,6568218575,6564751011,10.588308082258065
LBM02H09,88827139,7590402899,7586416850,12.23615620967742
LBM02H10,75640623,6308558286,6305363316,10.169940832258064
LBM02H11,146235828,13404807799,13395167664,21.605109135483872
LBM03A02,65137561,5441410694,5438893245,8.77240845967742
LBM03A11,104392312,9697535668,9691745289,15.63184724032258
LBM03B02,67947784,5764885810,5762153072,9.293795277419354
LBM03B04,94695504,8876709259,8872382753,14.310294762903226
LBM03B05,96689949,9009056176,9004768819,14.523820675806451
LBM03B07,102355079,9606050888,9601398079,15.486125933870968
LBM03B09,78816798,7305052329,7299974144,11.77415184516129
LBM03B10,97495278,9113251766,9106821272,14.688421406451614
LBM03B11,86762904,7990422142,7985760916,12.880259541935484
LBM03C02,76382915,6410375514,6407477661,10.334641388709677
LBM03C03,108712473,9508382863,9503643131,15.328456662903227
LBM03C04,95099390,8851042800,8846841937,14.269099898387097
LBM03C05,100889020,9368250962,9363798329,15.102900530645162
LBM03C07,94362487,8757401729,8751254511,14.114926630645162
LBM03C09,82879512,7631761625,7626481171,12.300776082258064
LBM03C10,128388170,11892679891,11884432968,19.168440270967743
LBM03C11,92969197,8549910121,8544945362,13.782169938709677
LBM03D01,90620545,7849012075,7845162802,12.65348839032258
LBM03D02,71203797,6150650657,6147700065,9.915645266129033
LBM03D03,101127663,8880439843,8876121820,14.316325516129032
LBM03D04,96665849,8950510934,8946261605,14.429454201612904
LBM03D05,88778317,8284005101,8280015765,13.354864137096774
LBM03D06,77760982,7164974208,7161658606,11.551062267741935
LBM03D07,86249847,7967940917,7962468446,12.842691041935485
LBM03D08,92234519,8537920499,8532017179,13.761318030645162
LBM03D09,72378962,6729206231,6724525440,10.846008774193548
LBM03D10,101492286,9392946943,9387379289,15.140934337096775
LBM03D11,91698327,8491746564,8486715093,13.68825015
LBM03E01,106266368,9152142659,9147710664,14.754372038709677
LBM03E02,86328815,7328414378,7324958223,11.814448746774193
LBM03E04,103630721,9654668547,9650071915,15.564632120967742
LBM03E06,60826138,5640496950,5637853477,9.09331205967742
LBM03E07,90063216,8308294606,8302494318,13.391119867741935
LBM03E08,94502832,8779442165,8773309015,14.150498411290323
LBM03E09,103398232,9589056179,9582365966,15.455428977419356
LBM03E10,85252806,7860342737,7855764201,12.670587420967742
LBM03E11,95655855,8799130497,8794063076,14.183972703225807
LBM03E12,70036787,6363252652,6359672889,10.257536917741936
LBM03F01,66607379,5691296837,5688573656,9.1751188
LBM03F04,79268533,7384900936,7381346131,11.90539698548387
LBM03F05,98825117,9145746462,9141469153,14.744305085483871
LBM03F06,74548955,6876833770,6873636668,11.08651075483871
LBM03F07,86887217,8067212420,8061612762,13.002601229032258
LBM03F08,78140063,7283494253,7278353579,11.739279966129033
LBM03F09,85010700,7849249839,7843865238,12.651395545161291
LBM03F10,98598880,9023620971,9018452360,14.545890903225807
LBM03F11,164066915,15161906072,15151089944,24.43724184516129
LBM03G02,72727692,6168075038,6165143791,9.943780308064516
LBM03G05,76714144,7117271740,7113912812,11.474052922580645
LBM03G06,89793392,8323008386,8319089742,13.41788668064516
LBM03G07,93462299,8663236965,8657199983,13.963225779032259
LBM03G08,96035263,8892606233,8886421562,14.332938003225806
LBM03G09,93363883,8675963944,8669811960,13.983567677419355
LBM03G10,121193950,11235135836,11228488108,18.11046469032258
LBM03G11,71054433,6476860337,6473200748,10.440646367741936
LBM03H06,82803191,7675410450,7671729512,12.373757277419354
LBM04A01,68250793,6260260003,6256682065,10.09142268548387
LBM04A02,110218408,10041877575,10038402692,16.190972083870967
LBM04A03,72377861,6587149231,6584873536,10.620763767741936
LBM04A05,101943098,9397586406,9394232490,15.151987887096775
LBM04B01,47255913,4239435857,4237136354,6.834090893548387
LBM04B02,132071236,12197983955,12189160781,19.659936743548386
LBM04B04,104506040,9537432942,9534132551,15.377633146774194
LBM04B06,55721362,5090052364,5087527866,8.205690106451613
LBM04B08,64501155,5972148016,5969054466,9.627507203225807
LBM04C02,93663001,8600522947,8597500771,13.866936727419354
LBM04C03,102260480,9357295467,9354018212,15.087126148387096
LBM04C04,82410160,7556902860,7554253591,12.18427998548387
LBM04C05,80630429,7462206964,7458243187,12.02942449516129
LBM04C06,65433589,5973112430,5970135017,9.629250027419355
LBM04D01,71534076,6507649688,6503986526,10.490300848387097
LBM04D02,92353519,8472275396,8469276493,13.660123375806451
LBM04D05,55048356,5042410216,5039841909,8.128777272580646
LBM04D06,63430411,5850575573,5847513017,9.431472608064515
LBM04D08,90073734,8304046499,8299672628,13.38656875483871
LBM04E01,101937527,9363469171,9358057299,15.09364080483871
LBM04E02,152272869,14132842599,14122589844,22.778370716129032
LBM04E03,89772565,8226546872,8223650170,13.263951887096773
LBM04E04,68795012,6191310401,6189230621,9.982630033870969
LBM04E05,61331045,5584504073,5581709022,9.002756487096773
LBM04E06,74212068,6835504496,6831956832,11.019285212903226
LBM04E08,53242009,4853080883,4850672422,7.8236651967741935
LBM04E11,104845739,9817251119,9811507952,15.825012825806452
LBM04F01,90577729,8331455183,8326654225,13.43008745967742
LBM04F02,164441375,15341891242,15330954221,24.727345517741934
LBM04F03,129552546,11878031998,11873836637,19.15134941451613
LBM04F04,60075740,5404910047,5403103030,8.714682306451612
LBM04F05,74893788,6907726094,6904139302,11.135708551612904
LBM04F06,54583531,4989105646,4986617935,8.042932153225806
LBM04G01,107070469,9851368591,9847841505,15.883615330645162
LBM04G02,144562229,13378001587,13368297395,21.561769991935485
LBM04G03,69227311,6270815846,6268672341,10.110761840322581
LBM04G04,78007539,7039479319,7037094573,11.350152537096774
LBM04G05,91587189,8504645062,8500072955,13.709795088709678
LBM04G06,54796623,4966686848,4964295092,8.006927567741936
LBM04G08,46483967,4230058502,4227972773,6.819310924193548
LBM04H01,94452993,8603873881,8600918037,13.872448446774193
M26_12,13359591,1720362862,1720344553,2.774749279032258
MelMosaic,58009959,7515895913,7515872797,12.122375479032257
NAL05,12654881,1624892812,1624886272,2.6207843096774193
NBJ30,10133019,1299652989,1299650306,2.096210170967742
NCD30,13440242,1737072819,1737065677,2.8017188338709675
NCR13,21678606,2825299941,2825290826,4.556920687096774
NDU10,14301992,1847165309,1847157735,2.9792866693548388
NE10467,398702,51609294,51609097,0.08324047903225806
NE25923,528104,69658735,69658475,0.11235237903225806
NE25953,450035,58863423,58863256,0.09494073548387097
NE35955,296502,39061835,39061704,0.06300274838709677
NE35959,765136,93954688,93954434,0.15153940967741936
NE36811,811541,101845007,101844707,0.1642656564516129
NE37169,776616,95127991,95127676,0.15343173548387096
NE37647,343399,44301630,44301497,0.07145402741935483
NE4583,682100,81819625,81819347,0.13196668870967743
NE67754,780118,94633213,94632921,0.1526337435483871
NE90535,98455641,12962196910,12962110614,20.906630022580647
NSW0001,83845183,11387776970,11387568922,18.367046648387095
NSW0002,79048689,10738825713,10738633043,17.32037587580645
NSW0003,65814053,8904607361,8904448208,14.362013238709677
NSW0004,62869180,8367177421,8367038898,13.495224029032258
NSW0005,75207634,10292756588,10292571035,16.60092102419355
NSW0006,82991387,11291571553,11291368531,18.211884727419356
NSW0007,71330383,9625134356,9624971310,15.524147274193549
NSW0008,77958410,10629394121,10629200739,17.143872159677418
NSW0009,73589057,10062713239,10062530792,16.22988837419355
NSW0010,71723966,9208858164,9208685130,14.852717951612902
NSW0011,51977024,7041089012,7040966612,11.356397761290323
NSW0012,58756046,7718656378,7718547309,12.449269853225806
NSW0013,84500725,11554575401,11554367729,18.636076982258064
NSW0014,84112424,11437069760,11436864166,18.446555106451612
NSW0015,68146168,9133634577,9133481742,14.731422164516129
NSW0016,76756634,10457280521,10457090825,16.866275524193547
NSW0017,71867103,9826335432,9826157815,15.848641637096774
NSW0018,74266145,10112189980,10112007512,16.30968953548387
NSW0019,63233056,8592073371,8591921391,13.857937727419355
Oryza_australiensis_300131_VR,139672296,19166725648,19166574655,30.913830088709677
Oryza_australiensis_300134_CH,143268591,19725910877,19725754727,31.81573343064516
Oryza_australiensis_300137_D,87273736,11914213394,11914120764,19.216323812903227
Oryza_australiensis_Keep_River,138813813,19012932013,19012790141,30.66579055
Oryza_meridionalis_BH,132479470,17948069643,17947931760,28.948277032258066
Oryza_sativa_Javanica,183156264,24858202256,24858003741,40.09355442096774
RA1006,183055128,24633963943,24633820147,39.731967979032255
RA1007,24947770,3382753553,3382742471,5.456036243548387
SRR1386218,143115444,12756510482,12750100191,20.564677727419355
SRR1386219,279351418,25892029194,25891843398,41.761037738709675
SRR1386220,110507485,10126602536,10126571764,16.33318026451613
SRR1386221,318232166,29485976644,29485897972,47.55789995483871
SRR1386222,281742024,25408307546,25398116914,40.9647047
SRR1392391,381268999,27241027756,27240984710,43.93707211290322
SRR1392399,376534096,31772042131,31771666422,51.24462326129032
SRR1392411,349100728,22944518572,22943244426,37.00523294516129
SRR1448467,182031879,12889387298,12889371457,20.789308801612904
SRR191872,361062088,23521320321,23520040216,37.93554873548387
SRR400875,217760806,11123086892,11118605559,17.933234772580644
TLC715,129857889,17326488489,17326385686,27.945783364516128
TLC720,112230597,14814254001,14814170682,23.893823680645163
TLC724,78094783,10198737568,10198684048,16.4494904
TLC725,155302636,20993063033,20992939709,33.85958017580645
TLC726,93220743,12529315858,12529243814,20.20845776451613
TLC732,52236481,6909998926,6909970712,11.145114051612904
TLC734,67080027,8902216447,8902170770,14.358339951612903
TLC738-1,73676751,9721654713,9721608038,15.680012964516129
TLC739,72243705,9626011128,9625960966,15.525743493548386
TLC750,65580002,8763147406,8763103913,14.13403856935484
TLC757,59427835,7922821359,7922782479,12.778681417741936
TLC758,73414562,9698533727,9698481999,15.642712901612903
TLC760,58836402,7839059995,7839025918,12.64359019032258
TLC761,71094529,9410519571,9410473264,15.178182683870968
TLC764,50989826,6695210738,6695185028,10.798685529032259
TLC775,98111369,12936391776,12936313118,20.865021158064515
TLC807,53576028,7143914700,7143882619,11.522391320967742
TLC827,67630105,8996145873,8996106536,14.509849251612904
TLC830,53822999,7074668396,7074633662,11.41069945483871
TLC831,60607104,8012483408,8012443315,12.92329566935484
TLC908,67144965,8906696165,8906652871,14.365569146774193
TLC909,35328772,4665159534,4665138948,7.524417658064516
TLC914,72793259,9466456953,9466409467,15.268402366129033
TLC915,35825527,4737638765,4737616102,7.641316293548387
TLC922-1,55943981,7389179897,7389143776,11.917973832258065
TLC922-2,51286508,6803599963,6803566790,10.973494822580646
TLC922-3,53381638,7051654531,7051620845,11.373582008064517
TLC922-4,86994708,11392551573,11392490818,18.37498519032258
TLC922-5,73981498,9754394868,9754344651,15.732813953225806
TLC946,103714877,13401245578,13401173160,21.614795419354838
TLC947,71198079,9458770919,9458722119,15.256003417741935
TLC948,61896215,8219336806,8219298267,13.256932688709677
TLC949,55424731,7343354388,7343323220,11.84406970967742
TLC950,97505769,12792031138,12791962761,20.632198001612903
TLC952-1,90947970,11940631905,11940578670,19.25899785483871
TLC952-2,80533097,10314870310,10314822418,16.636810351612905
TLC952-3,82692688,10695393410,10695342964,17.250553167741934
TLC952-4,82249492,10695424049,10695376867,17.25060785
TLC952-5,78697763,10138798941,10138757238,16.352834254838708
TLC953C,55412836,7365366363,7365328965,11.879562846774194
TLC953E,66645301,8744231489,8744190981,14.10353384032258
TLC963A,47556983,6331563943,6331533121,10.212150195161291
TLC963C,48819944,6504406658,6504376892,10.490930470967742
VMA18,91487053,12162467525,12162394921,19.616766001612902
VWG14,32819884,4194046804,4194025754,6.7645576677419355
