AccessionID,AccessionName,SampleID,SampleName,AnonName,PopulationName,Latitude,Longitude,Altitude,HaveBGISeq,BGIReadPairs
A25001,LB-U-1,S45001,U-1,LBM01A01,LB-U,-36.632668,144.35019,178,FALSE,NA
A25002,LB-U-2,S45002,U-2,LBM01B01,LB-U,-36.632668,144.35019,178,TRUE,51748359
A25003,LB-U-3,S45003,U-3,LBM01C01,LB-U,-36.632668,144.35019,178,TRUE,49508995
A25004,LB-U-4,S45004,U-4,LBM01D01,LB-U,-36.632668,144.35019,178,TRUE,43946060
A25005,LB-U-5,S45005,U-5,LBM01E01,LB-U,-36.632668,144.35019,178,TRUE,45661910
A25006,LB-U-6,S45006,U-6,LBM01F01,LB-U,-36.632668,144.35019,178,TRUE,39866055
A25007,LB-U-7,S45007,U-7,LBM01G01,LB-U,-36.632668,144.35019,178,TRUE,48762255
A25008,LB-U-8,S45008,U-8,LBM01H01,LB-U,-36.632668,144.35019,178,FALSE,NA
A25009,LB-U-9,S45009,U-9,LBM01A02,LB-U,-36.632668,144.35019,178,TRUE,44899469
A25010,LB-U-10,S45010,U-10,LBM01B02,LB-U,-36.632668,144.35019,178,TRUE,38382947
A25011,LB-P-1,S45011,P-1,LBM01C02,LB-P,-35.819633,145.31187,101,TRUE,52216334
A25012,LB-P-2,S45012,P-2,LBM01D02,LB-P,-35.819633,145.31187,101,FALSE,NA
A25013,LB-P-3,S45013,P-3,LBM01E02,LB-P,-35.819633,145.31187,101,TRUE,37908162
A25014,LB-P-4,S45014,P-4,LBM01F02,LB-P,-35.819633,145.31187,101,TRUE,44628102
A25015,LB-P-5,S45015,P-5,LBM01G02,LB-P,-35.819633,145.31187,101,TRUE,32702240
A25016,LB-P-6,S45016,P-6,LBM01H02,LB-P,-35.819633,145.31187,101,FALSE,NA
A25017,LB-P-7,S45017,P-7,LBM01A03,LB-P,-35.819633,145.31187,101,TRUE,39371035
A25018,LB-P-8,S45018,P-8,LBM01B03,LB-P,-35.819633,145.31187,101,TRUE,43025990
A25019,LB-P-9,S45019,P-9,LBM01C03,LB-P,-35.819633,145.31187,101,TRUE,41636166
A25020,LB-P-10,S45020,P-10,LBM01D03,LB-P,-35.819633,145.31187,101,TRUE,48708504
A25021,LB-G-1,S45021,G-1,LBM01E03,LB-G,-36.86476,148.85016,638,TRUE,54599947
A25022,LB-G-2,S45022,G-2,LBM01F03,LB-G,-36.86476,148.85016,638,TRUE,53869372
A25023,LB-G-3,S45023,G-3,LBM01G03,LB-G,-36.86476,148.85016,638,TRUE,44395378
A25024,LB-G-4,S45024,G-4,LBM01H03,LB-G,-36.86476,148.85016,638,FALSE,NA
A25025,LB-G-5,S45025,G-5,LBM01A04,LB-G,-36.86476,148.85016,638,FALSE,NA
A25026,LB-G-6,S45026,G-6,LBM01B04,LB-G,-36.86476,148.85016,638,FALSE,NA
A25027,LB-G-7,S45027,G-7,LBM01C04,LB-G,-36.86476,148.85016,638,TRUE,78153330
A25028,LB-G-8,S45028,G-8,LBM01D04,LB-G,-36.86476,148.85016,638,FALSE,NA
A25029,LB-G-9,S45029,G-9,LBM01E04,LB-G,-36.86476,148.85016,638,TRUE,45969678
A25030,LB-G-10,S45030,G-10,LBM01F04,LB-G,-36.86476,148.85016,638,FALSE,NA
A25031,LB-W1-1,S45031,W1-1,LBM01G04,LB-W1,-36.42797,144.41092,114,FALSE,NA
A25032,LB-W1-2,S45032,W1-2,LBM01H04,LB-W1,-36.42797,144.41092,114,FALSE,NA
A25033,LB-W1-3,S45033,W1-3,LBM01A05,LB-W1,-36.42797,144.41092,114,FALSE,NA
A25034,LB-W1-4,S45034,W1-4,LBM01B05,LB-W1,-36.42797,144.41092,114,TRUE,40189039
A25035,LB-W1-5,S45035,W1-5,LBM01C05,LB-W1,-36.42797,144.41092,114,TRUE,48117507
A25036,LB-W1-6,S45036,W1-6,LBM01D05,LB-W1,-36.42797,144.41092,114,TRUE,46368584
A25037,LB-W1-7,S45037,W1-7,LBM01E05,LB-W1,-36.42797,144.41092,114,FALSE,NA
A25038,LB-W1-8,S45038,W1-8,LBM01F05,LB-W1,-36.42797,144.41092,114,TRUE,42494783
A25039,LB-W1-9,S45039,W1-9,LBM01G05,LB-W1,-36.42797,144.41092,114,TRUE,57417111
A25040,LB-W1-10,S45040,W1-10,LBM01H05,LB-W1,-36.42797,144.41092,114,TRUE,38231403
A25041,LB-H-1,S45041,H-1,LBM01A06,LB-H,-36.63518,149.56728,186,FALSE,NA
A25042,LB-H-2,S45042,H-2,LBM01B06,LB-H,-36.63518,149.56728,186,TRUE,43575726
A25043,LB-H-3,S45043,H-3,LBM01C06,LB-H,-36.63518,149.56728,186,TRUE,29556656
A25044,LB-H-4,S45044,H-4,LBM01D06,LB-H,-36.63518,149.56728,186,TRUE,43944141
A25045,LB-H-5,S45045,H-5,LBM01E06,LB-H,-36.63518,149.56728,186,TRUE,47088839
A25046,LB-H-6,S45046,H-6,LBM01F06,LB-H,-36.63518,149.56728,186,TRUE,39886705
A25047,LB-H-7,S45047,H-7,LBM01G06,LB-H,-36.63518,149.56728,186,TRUE,40008127
A25048,LB-H-8,S45048,H-8,LBM01H06,LB-H,-36.63518,149.56728,186,TRUE,46405327
A25049,LB-H-9,S45049,H-9,LBM01A07,LB-H,-36.63518,149.56728,186,FALSE,NA
A25050,LB-H-10,S45050,H-10,LBM01B07,LB-H,-36.63518,149.56728,186,TRUE,38169075
A25051,LB-M-3,S45051,M-3,LBM01C07,LB-M,-34.630472,149.870892,?,FALSE,NA
A25052,LB-M-4,S45052,M-4,LBM01D07,LB-M,-34.630472,149.870892,?,FALSE,NA
A25053,LB-M-5,S45053,M-5,LBM01E07,LB-M,-34.630472,149.870892,?,FALSE,NA
A25054,LB-D-1,S45054,D-1,LBM01F07,LB-D,-36.3675,145.70232,268,TRUE,34196724
A25055,LB-D-2,S45055,D-2,LBM01G07,LB-D,-36.3675,145.70232,268,TRUE,36110091
A25056,LB-D-3,S45056,D-3,LBM01H07,LB-D,-36.3675,145.70232,268,TRUE,37928881
A25057,LB-D-4,S45057,D-4,LBM01A08,LB-D,-36.3675,145.70232,268,FALSE,NA
A25058,LB-D-5,S45058,D-5,LBM01B08,LB-D,-36.3675,145.70232,268,TRUE,41861547
A25059,LB-D-6,S45059,D-6,LBM01C08,LB-D,-36.3675,145.70232,268,TRUE,40450449
A25060,LB-D-7,S45060,D-7,LBM01D08,LB-D,-36.3675,145.70232,268,FALSE,NA
A25061,LB-D-8,S45061,D-8,LBM01E08,LB-D,-36.3675,145.70232,268,TRUE,33195101
A25062,LB-D-9,S45062,D-9,LBM01F08,LB-D,-36.3675,145.70232,268,FALSE,NA
A25063,LB-D-10,S45063,D-10,LBM01G08,LB-D,-36.3675,145.70232,268,TRUE,40470943
A25064,LB-V-1,S45064,V-1,LBM01H08,LB-V,-33.423,149.752,844,TRUE,39311495
A25065,LB-V-2,S45065,V-2,LBM01A09,LB-V,-33.423,149.752,844,TRUE,37727474
A25066,LB-V-3,S45066,V-3,LBM01B09,LB-V,-33.423,149.752,844,TRUE,33576134
A25067,LB-V-4,S45067,V-4,LBM01C09,LB-V,-33.423,149.752,844,TRUE,39942150
A25068,LB-V-5,S45068,V-5,LBM01D09,LB-V,-33.423,149.752,844,TRUE,35677801
A25069,LB-V-6,S45069,V-6,LBM01E09,LB-V,-33.423,149.752,844,TRUE,41597200
A25070,LB-V-7,S45070,V-7,LBM01F09,LB-V,-33.423,149.752,844,TRUE,45292795
A25071,LB-V-8,S45071,V-8,LBM01G09,LB-V,-33.423,149.752,844,TRUE,49484857
A25072,LB-V-9,S45072,V-9,LBM01H09,LB-V,-33.423,149.752,844,TRUE,36505957
A25073,LB-V-10,S45073,V-10,LBM01A10,LB-V,-33.423,149.752,844,FALSE,NA
A25074,LB-A-2,S45074,A-2,LBM01B10,LB-A,-36.388,146.481,181,TRUE,41002253
A25075,LB-A-3,S45075,A-3,LBM01C10,LB-A,-36.388,146.481,181,TRUE,45358726
A25076,LB-A-4,S45076,A-4,LBM01D10,LB-A,-36.388,146.481,181,TRUE,40649449
A25077,LB-A-5,S45077,A-5,LBM01E10,LB-A,-36.388,146.481,181,FALSE,NA
A25078,LB-A-6,S45078,A-6,LBM01F10,LB-A,-36.388,146.481,181,TRUE,41423441
A25079,LB-A-7,S45079,A-7,LBM01G10,LB-A,-36.388,146.481,181,FALSE,NA
A25080,LB-A-8,S45080,A-8,LBM01H10,LB-A,-36.388,146.481,181,TRUE,48979283
A25081,LB-A-9,S45081,A-9,LBM01A11,LB-A,-36.388,146.481,181,FALSE,NA
A25082,LB-A-10,S45082,A-10,LBM01B11,LB-A,-36.388,146.481,181,FALSE,NA
A25083,LB-A-11,S45083,A-11,LBM01C11,LB-A,-36.388,146.481,181,FALSE,NA
A25084,LB-1-1,S45084,1-1,LBM01D11,LB-1,-33.416668,149.55055,712,TRUE,34095597
A25085,LB-1-2,S45085,1-2,LBM01E11,LB-1,-33.416668,149.55055,712,FALSE,NA
A25086,LB-1-3,S45086,1-3,LBM01F11,LB-1,-33.416668,149.55055,712,FALSE,NA
A25087,LB-1-4,S45087,1-4,LBM01G11,LB-1,-33.416668,149.55055,712,TRUE,36128663
A25088,LB-1-5,S45088,1-5,LBM01H11,LB-1,-33.416668,149.55055,712,TRUE,43154294
A25089,LB-1-6,S45089,1-6,LBM01A12,LB-1,-33.416668,149.55055,712,TRUE,37206904
A25090,LB-1-7,S45090,1-7,LBM01B12,LB-1,-33.416668,149.55055,712,TRUE,27162284
A25091,LB-1-8,S45091,1-8,LBM01C12,LB-1,-33.416668,149.55055,712,TRUE,41971609
A25092,LB-1-9,S45092,1-9,LBM01D12,LB-1,-33.416668,149.55055,712,TRUE,35210929
A25093,LB-1-10,S45093,1-10,LBM01E12,LB-1,-33.416668,149.55055,712,TRUE,42879441
A25094,LB-C-1,S45094,C-1,LBM01F12,LB-C,-35.03333,147.33333,?,TRUE,50767861
A25095,LB-C-2,S45095,C-2,LBM01G12,LB-C,-35.03333,147.33333,?,FALSE,NA
A25096,LB-C-3,S45096,C-3,LBM01H12,LB-C,-35.03333,147.33333,?,TRUE,53771254
A25097,LB-C-4,S45097,C-4,LBM02A01,LB-C,-35.03333,147.33333,?,TRUE,44618248
A25098,LB-C-5,S45098,C-5,LBM02B01,LB-C,-35.03333,147.33333,?,TRUE,47529928
A25099,LB-C-6,S45099,C-6,LBM02C01,LB-C,-35.03333,147.33333,?,TRUE,65102862
A25100,LB-C-7,S45100,C-7,LBM02D01,LB-C,-35.03333,147.33333,?,TRUE,44191010
A25101,LB-C-8,S45101,C-8,LBM02E01,LB-C,-35.03333,147.33333,?,TRUE,49036936
A25102,LB-C-9,S45102,C-9,LBM02F01,LB-C,-35.03333,147.33333,?,TRUE,80858280
A25103,LB-N2-1,S45103,N2-1,LBM02G01,LB-N2,-33.6166,149.64452,782,TRUE,44698300
A25104,LB-N2-2,S45104,N2-2,LBM02H01,LB-N2,-33.6166,149.64452,782,FALSE,NA
A25105,LB-N2-3,S45105,N2-3,LBM02A02,LB-N2,-33.6166,149.64452,782,FALSE,NA
A25106,LB-N2-4,S45106,N2-4,LBM02B02,LB-N2,-33.6166,149.64452,782,TRUE,48961358
A25107,LB-N2-5,S45107,N2-5,LBM02C02,LB-N2,-33.6166,149.64452,782,TRUE,36947767
A25108,LB-N2-6,S45108,N2-6,LBM02D02,LB-N2,-33.6166,149.64452,782,TRUE,54982597
A25109,LB-N2-7,S45109,N2-7,LBM02E02,LB-N2,-33.6166,149.64452,782,TRUE,41348056
A25110,LB-N2-8,S45110,N2-8,LBM02F02,LB-N2,-33.6166,149.64452,782,TRUE,43785406
A25111,LB-N2-9,S45111,N2-9,LBM02G02,LB-N2,-33.6166,149.64452,782,TRUE,38370288
A25112,LB-N2-10,S45112,N2-10,LBM02H02,LB-N2,-33.6166,149.64452,782,TRUE,41893265
A25113,LB-N1-1,S45113,N1-1,LBM02A03,LB-N1,-34.036884,148.5675,318,TRUE,40873369
A25114,LB-N1-2,S45114,N1-2,LBM02B03,LB-N1,-34.036884,148.5675,318,TRUE,40930539
A25115,LB-N1-3,S45115,N1-3,LBM02C03,LB-N1,-34.036884,148.5675,318,TRUE,71611471
A25116,LB-N1-4,S45116,N1-4,LBM02D03,LB-N1,-34.036884,148.5675,318,TRUE,50791911
A25117,LB-N1-5,S45117,N1-5,LBM02E03,LB-N1,-34.036884,148.5675,318,TRUE,44056782
A25118,LB-N1-6,S45118,N1-6,LBM02F03,LB-N1,-34.036884,148.5675,318,TRUE,44815651
A25119,LB-N1-7,S45119,N1-7,LBM02G03,LB-N1,-34.036884,148.5675,318,TRUE,38524691
A25120,LB-N1-8,S45120,N1-8,LBM02H03,LB-N1,-34.036884,148.5675,318,TRUE,50839575
A25121,LB-N1-9,S45121,N1-9,LBM02A04,LB-N1,-34.036884,148.5675,318,TRUE,43842312
A25122,LB-N1-10,S45122,N1-10,LBM02B04,LB-N1,-34.036884,148.5675,318,TRUE,44989584
A25123,LB-3-1,S45123,3-1,LBM02C04,LB-3,-27.368696,152.03023,625,TRUE,73075669
A25124,LB-3-2,S45124,3-2,LBM02D04,LB-3,-27.368696,152.03023,625,TRUE,43591362
A25125,LB-3-3,S45125,3-3,LBM02E04,LB-3,-27.368696,152.03023,625,TRUE,33995588
A25126,LB-3-4,S45126,3-4,LBM02F04,LB-3,-27.368696,152.03023,625,TRUE,55016470
A25127,LB-3-5,S45127,3-5,LBM02G04,LB-3,-27.368696,152.03023,625,TRUE,38879024
A25128,LB-3-6,S45128,3-6,LBM02H04,LB-3,-27.368696,152.03023,625,TRUE,45714159
A25129,LB-3-7,S45129,3-7,LBM02A05,LB-3,-27.368696,152.03023,625,FALSE,NA
A25130,LB-3-8,S45130,3-8,LBM02B05,LB-3,-27.368696,152.03023,625,TRUE,34147264
A25131,LB-3-9,S45131,3-9,LBM02C05,LB-3,-27.368696,152.03023,625,TRUE,41179788
A25132,LB-3-10,S45132,3-10,LBM02D05,LB-3,-27.368696,152.03023,625,TRUE,43490389
A25133,LB-7-1,S45133,7-1,LBM02E05,LB-7,-33.936944,116.963333,?,TRUE,49852756
A25134,LB-7-2,S45134,7-2,LBM02F05,LB-7,-33.936944,116.963333,?,FALSE,NA
A25135,LB-7-3,S45135,7-3,LBM02G05,LB-7,-33.936944,116.963333,?,TRUE,59289683
A25136,LB-7-4,S45136,7-4,LBM02H05,LB-7,-33.936944,116.963333,?,TRUE,51226193
A25137,LB-7-5,S45137,7-5,LBM02A06,LB-7,-33.936944,116.963333,?,FALSE,NA
A25138,LB-7-6,S45138,7-6,LBM02B06,LB-7,-33.936944,116.963333,?,TRUE,42089418
A25139,LB-7-7,S45139,7-7,LBM02C06,LB-7,-33.936944,116.963333,?,TRUE,49769063
A25140,LB-B-1,S45140,B-1,LBM02D06,LB-B,-35.235664,149.16422,613,FALSE,NA
A25141,LB-B-2,S45141,B-2,LBM02E06,LB-B,-35.235664,149.16422,613,TRUE,39455978
A25142,LB-B-3,S45142,B-3,LBM02F06,LB-B,-35.235664,149.16422,613,TRUE,47012270
A25143,LB-B-4,S45143,B-4,LBM02G06,LB-B,-35.235664,149.16422,613,TRUE,46776822
A25144,LB-B-5,S45144,B-5,LBM02H06,LB-B,-35.235664,149.16422,613,FALSE,NA
A25145,LB-B-6,S45145,B-6,LBM02A07,LB-B,-35.235664,149.16422,613,FALSE,NA
A25146,LB-B-7,S45146,B-7,LBM02B07,LB-B,-35.235664,149.16422,613,TRUE,44821700
A25147,LB-B-8,S45147,B-8,LBM02C07,LB-B,-35.235664,149.16422,613,TRUE,24675945
A25148,LB-B-9,S45148,B-9,LBM02D07,LB-B,-35.235664,149.16422,613,TRUE,65691731
A25149,LB-B-10,S45149,B-10,LBM02E07,LB-B,-35.235664,149.16422,613,TRUE,37243716
A25150,LB-J2-1,S45150,J2-1,LBM02F07,LB-J2,-33.121143000000004,149.05785,709,TRUE,35590861
A25151,LB-J2-2,S45151,J2-2,LBM02G07,LB-J2,-33.121143000000004,149.05785,709,TRUE,37765871
A25152,LB-J2-3,S45152,J2-3,LBM02H07,LB-J2,-33.121143000000004,149.05785,709,FALSE,NA
A25153,LB-J2-4,S45153,J2-4,LBM02A08,LB-J2,-33.121143000000004,149.05785,709,TRUE,45406200
A25154,LB-J2-5,S45154,J2-5,LBM02B08,LB-J2,-33.121143000000004,149.05785,709,TRUE,43202557
A25155,LB-J2-6,S45155,J2-6,LBM02C08,LB-J2,-33.121143000000004,149.05785,709,TRUE,40905879
A25156,LB-J2-7,S45156,J2-7,LBM02D08,LB-J2,-33.121143000000004,149.05785,709,TRUE,44528590
A25157,LB-J2-8,S45157,J2-8,LBM02E08,LB-J2,-33.121143000000004,149.05785,709,FALSE,NA
A25158,LB-J2-9,S45158,J2-9,LBM02F08,LB-J2,-33.121143000000004,149.05785,709,TRUE,51081998
A25159,LB-J2-10,S45159,J2-10,LBM02G08,LB-J2,-33.121143000000004,149.05785,709,TRUE,73093692
A25160,LB-17-1,S45160,17-1,LBM02H08,LB-17,-33.44218,147.51628,213,TRUE,41358693
A25161,LB-17-2,S45161,17-2,LBM02A09,LB-17,-33.44218,147.51628,213,FALSE,NA
A25162,LB-17-3,S45162,17-3,LBM02B09,LB-17,-33.44218,147.51628,213,TRUE,73496120
A25163,LB-17-4,S45163,17-4,LBM02C09,LB-17,-33.44218,147.51628,213,TRUE,60598674
A25164,LB-17-5,S45164,17-5,LBM02D09,LB-17,-33.44218,147.51628,213,TRUE,85347432
A25165,LB-17-6,S45165,17-6,LBM02E09,LB-17,-33.44218,147.51628,213,TRUE,66497020
A25166,LB-17-7,S45166,17-7,LBM02F09,LB-17,-33.44218,147.51628,213,TRUE,36553360
A25167,LB-17-8,S45167,17-8,LBM02G09,LB-17,-33.44218,147.51628,213,TRUE,83248849
A25168,LB-17-9,S45168,17-9,LBM02H09,LB-17,-33.44218,147.51628,213,TRUE,47696098
A25169,LB-17-10,S45169,17-10,LBM02A10,LB-17,-33.44218,147.51628,213,TRUE,48158537
A25170,LB-11-1,S45170,11-1,LBM02B10,LB-11,-35.40026,149.1318,669,FALSE,NA
A25171,LB-11-2,S45171,11-2,LBM02C10,LB-11,-35.40026,149.1318,669,TRUE,46741755
A25172,LB-11-3,S45172,11-3,LBM02D10,LB-11,-35.40026,149.1318,669,TRUE,48773600
A25173,LB-11-4,S45173,11-4,LBM02E10,LB-11,-35.40026,149.1318,669,TRUE,33824222
A25174,LB-11-5,S45174,11-5,LBM02F10,LB-11,-35.40026,149.1318,669,TRUE,47717033
A25175,LB-11-6,S45175,11-6,LBM02G10,LB-11,-35.40026,149.1318,669,TRUE,28859598
A25176,LB-11-7,S45176,11-7,LBM02H10,LB-11,-35.40026,149.1318,669,TRUE,40886812
A25177,LB-11-8,S45177,11-8,LBM02A11,LB-11,-35.40026,149.1318,669,FALSE,NA
A25178,LB-11-9,S45178,11-9,LBM02B11,LB-11,-35.40026,149.1318,669,TRUE,32969829
A25179,LB-11-10,S45179,11-10,LBM02C11,LB-11,-35.40026,149.1318,669,TRUE,40596452
A25180,LB-i2-1,S45180,i2-1,LBM02D11,LB-i2,-36.54041,146.10739,195,TRUE,38535166
A25181,LB-i2-2,S45181,i2-2,LBM02E11,LB-i2,-36.54041,146.10739,195,TRUE,50355555
A25182,LB-i2-3,S45182,i2-3,LBM02F11,LB-i2,-36.54041,146.10739,195,TRUE,61001766
A25183,LB-i2-4,S45183,i2-4,LBM02G11,LB-i2,-36.54041,146.10739,195,TRUE,45700381
A25184,LB-i2-5,S45184,i2-5,LBM02H11,LB-i2,-36.54041,146.10739,195,TRUE,77897050
A25185,LB-i2-6,S45185,i2-6,LBM02A12,LB-i2,-36.54041,146.10739,195,FALSE,NA
A25186,LB-i2-7,S45186,i2-7,LBM02B12,LB-i2,-36.54041,146.10739,195,TRUE,43544952
A25187,LB-i2-8,S45187,i2-8,LBM02C12,LB-i2,-36.54041,146.10739,195,TRUE,39784643
A25188,LB-i2-9,S45188,i2-9,LBM02D12,LB-i2,-36.54041,146.10739,195,TRUE,77152921
A25189,LB-i2-10,S45189,i2-10,LBM02E12,LB-i2,-36.54041,146.10739,195,TRUE,52864327
A25190,LB-16-1,S45190,16-1,LBM02F12,LB-16,-33.224724,149.28056,?,FALSE,NA
A25191,LB-16-2,S45191,16-2,LBM02G12,LB-16,-33.224724,149.28056,?,TRUE,27772429
A25192,LB-16-3,S45192,16-3,LBM02H12,LB-16,-33.224724,149.28056,?,FALSE,NA
A25193,LB-16-4,S45193,16-4,LBM03A01,LB-16,-33.224724,149.28056,?,FALSE,NA
A25194,LB-16-5,S45194,16-5,LBM03B01,LB-16,-33.224724,149.28056,?,FALSE,NA
A25195,LB-16-6,S45195,16-6,LBM03C01,LB-16,-33.224724,149.28056,?,FALSE,NA
A25196,LB-16-7,S45196,16-7,LBM03D01,LB-16,-33.224724,149.28056,?,TRUE,48109364
A25197,LB-2-1,S45197,2-1,LBM03E01,LB-2,-36.6755,146.26477,236,TRUE,56578131
A25198,LB-2-2,S45198,2-2,LBM03F01,LB-2,-36.6755,146.26477,236,TRUE,35531658
A25199,LB-2-3,S45199,2-3,LBM03G01,LB-2,-36.6755,146.26477,236,FALSE,NA
A25200,LB-2-4,S45200,2-4,LBM03H01,LB-2,-36.6755,146.26477,236,FALSE,NA
A25201,LB-2-5,S45201,2-5,LBM03A02,LB-2,-36.6755,146.26477,236,TRUE,35330939
A25202,LB-2-6,S45202,2-6,LBM03B02,LB-2,-36.6755,146.26477,236,TRUE,37057188
A25203,LB-2-7,S45203,2-7,LBM03C02,LB-2,-36.6755,146.26477,236,TRUE,41298776
A25204,LB-2-8,S45204,2-8,LBM03D02,LB-2,-36.6755,146.26477,236,TRUE,37801483
A25205,LB-2-9,S45205,2-9,LBM03E02,LB-2,-36.6755,146.26477,236,TRUE,46734686
A25206,LB-2-10,S45206,2-10,LBM03F02,LB-2,-36.6755,146.26477,236,FALSE,NA
A25207,LB-14-1,S45207,14-1,LBM03G02,LB-14,-32.389167,150.881667,147,TRUE,39518203
A25208,LB-14-2,S45208,14-2,LBM03H02,LB-14,-32.389167,150.881667,147,FALSE,NA
A25209,LB-14-3,S45209,14-3,LBM03A03,LB-14,-32.389167,150.881667,147,FALSE,NA
A25210,LB-14-4,S45210,14-4,LBM03B03,LB-14,-32.389167,150.881667,147,FALSE,NA
A25211,LB-14-5,S45211,14-5,LBM03C03,LB-14,-32.389167,150.881667,147,TRUE,56966820
A25212,LB-14-6,S45212,14-6,LBM03D03,LB-14,-32.389167,150.881667,147,TRUE,53048180
A25213,LB-14-7,S45213,14-7,LBM03E03,LB-14,-32.389167,150.881667,147,FALSE,NA
A25214,LB-14-8,S45214,14-8,LBM03F03,LB-14,-32.389167,150.881667,147,FALSE,NA
A25215,LB-14-9,S45215,14-9,LBM03G03,LB-14,-32.389167,150.881667,147,FALSE,NA
A25216,LB-14-10,S45216,14-10,LBM03H03,LB-14,-32.389167,150.881667,147,FALSE,NA
A25217,LB-5-1,S45217,5-1,LBM03A04,LB-5,-33.710145,149.52355,978,FALSE,NA
A25218,LB-5-2,S45218,5-2,LBM03B04,LB-5,-33.710145,149.52355,978,TRUE,49624951
A25219,LB-5-3,S45219,5-3,LBM03C04,LB-5,-33.710145,149.52355,978,TRUE,50380069
A25220,LB-5-4,S45220,5-4,LBM03D04,LB-5,-33.710145,149.52355,978,TRUE,51703652
A25221,LB-5-5,S45221,5-5,LBM03E04,LB-5,-33.710145,149.52355,978,TRUE,54787808
A25222,LB-5-6,S45222,5-6,LBM03F04,LB-5,-33.710145,149.52355,978,TRUE,41933650
A25223,LB-5-7,S45223,5-7,LBM03G04,LB-5,-33.710145,149.52355,978,FALSE,NA
A25224,LB-5-8,S45224,5-8,LBM03H04,LB-5,-33.710145,149.52355,978,FALSE,NA
A25225,LB-5-9,S45225,5-9,LBM03A05,LB-5,-33.710145,149.52355,978,FALSE,NA
A25226,LB-5-10,S45226,5-10,LBM03B05,LB-5,-33.710145,149.52355,978,TRUE,51275104
A25227,LB-10-1,S45227,10-1,LBM03C05,LB-10,-37.285278,143.77778,321,TRUE,53669650
A25228,LB-10-2,S45228,10-2,LBM03D05,LB-10,-37.285278,143.77778,321,TRUE,46794453
A25229,LB-10-3,S45229,10-3,LBM03E05,LB-10,-37.285278,143.77778,321,FALSE,NA
A25230,LB-10-4,S45230,10-4,LBM03F05,LB-10,-37.285278,143.77778,321,TRUE,52960120
A25231,LB-10-5,S45231,10-5,LBM03G05,LB-10,-37.285278,143.77778,321,TRUE,41139477
A25232,LB-10-6,S45232,10-6,LBM03H05,LB-10,-37.285278,143.77778,321,FALSE,NA
A25233,LB-10-7,S45233,10-7,LBM03A06,LB-10,-37.285278,143.77778,321,FALSE,NA
A25234,LB-10-8,S45234,10-8,LBM03B06,LB-10,-37.285278,143.77778,321,FALSE,NA
A25235,LB-10-9,S45235,10-9,LBM03C06,LB-10,-37.285278,143.77778,321,FALSE,NA
A25236,LB-10-10,S45236,10-10,LBM03D06,LB-10,-37.285278,143.77778,321,TRUE,41836464
A25237,LB-T1-1,S45237,T1-1,LBM03E06,LB-T1,-35.26495,147.310133,265,TRUE,32528383
A25238,LB-T1-2,S45238,T1-2,LBM03F06,LB-T1,-35.26495,147.310133,265,TRUE,40246215
A25239,LB-T1-3,S45239,T1-3,LBM03G06,LB-T1,-35.26495,147.310133,265,TRUE,48047419
A25240,LB-T1-4,S45240,T1-4,LBM03H06,LB-T1,-35.26495,147.310133,265,TRUE,43988335
A25241,LB-T1-5,S45241,T1-5,LBM03A07,LB-T1,-35.26495,147.310133,265,FALSE,NA
A25242,LB-T1-6,S45242,T1-6,LBM03B07,LB-T1,-35.26495,147.310133,265,TRUE,53517087
A25243,LB-T1-7,S45243,T1-7,LBM03C07,LB-T1,-35.26495,147.310133,265,TRUE,49774537
A25244,LB-T1-8,S45244,T1-8,LBM03D07,LB-T1,-35.26495,147.310133,265,TRUE,45910262
A25245,LB-T1-9,S45245,T1-9,LBM03E07,LB-T1,-35.26495,147.310133,265,TRUE,48015752
A25246,LB-T1-10,S45246,T1-10,LBM03F07,LB-T1,-35.26495,147.310133,265,TRUE,45805044
A25247,LB-19-1,S45247,19-1,LBM03G07,LB-19,-37.179444,144.483333,517,TRUE,49637088
A25248,LB-19-2,S45248,19-2,LBM03H07,LB-19,-37.179444,144.483333,517,FALSE,NA
A25249,LB-19-3,S45249,19-3,LBM03A08,LB-19,-37.179444,144.483333,517,FALSE,NA
A25250,LB-19-4,S45250,19-4,LBM03B08,LB-19,-37.179444,144.483333,517,FALSE,NA
A25251,LB-19-5,S45251,19-5,LBM03C08,LB-19,-37.179444,144.483333,517,FALSE,NA
A25252,LB-19-6,S45252,19-6,LBM03D08,LB-19,-37.179444,144.483333,517,TRUE,49032014
A25253,LB-19-7,S45253,19-7,LBM03E08,LB-19,-37.179444,144.483333,517,TRUE,49847607
A25254,LB-19-8,S45254,19-8,LBM03F08,LB-19,-37.179444,144.483333,517,TRUE,40956578
A25255,LB-19-9,S45255,19-9,LBM03G08,LB-19,-37.179444,144.483333,517,TRUE,50756315
A25256,LB-19-10,S45256,19-10,LBM03H08,LB-19,-37.179444,144.483333,517,FALSE,NA
A25257,LB-K2-1,S45257,K2-1,LBM03A09,LB-K2,-30.54493,151.79367,1055,FALSE,NA
A25258,LB-K2-2,S45258,K2-2,LBM03B09,LB-K2,-30.54493,151.79367,1055,TRUE,41700199
A25259,LB-K2-3,S45259,K2-3,LBM03C09,LB-K2,-30.54493,151.79367,1055,TRUE,43956705
A25260,LB-K2-4,S45260,K2-4,LBM03D09,LB-K2,-30.54493,151.79367,1055,TRUE,38110525
A25261,LB-K2-5,S45261,K2-5,LBM03E09,LB-K2,-30.54493,151.79367,1055,TRUE,54582444
A25262,LB-K2-6,S45262,K2-6,LBM03F09,LB-K2,-30.54493,151.79367,1055,TRUE,45367082
A25263,LB-K2-7,S45263,K2-7,LBM03G09,LB-K2,-30.54493,151.79367,1055,TRUE,49125092
A25264,LB-K2-8,S45264,K2-8,LBM03H09,LB-K2,-30.54493,151.79367,1055,FALSE,NA
A25265,LB-K2-9,S45265,K2-9,LBM03A10,LB-K2,-30.54493,151.79367,1055,FALSE,NA
A25266,LB-K2-10,S45266,K2-10,LBM03B10,LB-K2,-30.54493,151.79367,1055,TRUE,50890804
A25267,LB-20-1,S45267,20-1,LBM03C10,LB-20,-34.911785,148.971179,562,TRUE,69207988
A25268,LB-20-2,S45268,20-2,LBM03D10,LB-20,-34.911785,148.971179,562,TRUE,52864790
A25269,LB-20-3,S45269,20-3,LBM03E10,LB-20,-34.911785,148.971179,562,TRUE,44776291
A25270,LB-20-4,S45270,20-4,LBM03F10,LB-20,-34.911785,148.971179,562,TRUE,52357044
A25271,LB-20-5,S45271,20-5,LBM03G10,LB-20,-34.911785,148.971179,562,TRUE,63006436
A25272,LB-20-6,S45272,20-6,LBM03H10,LB-20,-34.911785,148.971179,562,FALSE,NA
A25273,LB-20-7,S45273,20-7,LBM03A11,LB-20,-34.911785,148.971179,562,TRUE,54135354
A25274,LB-20-8,S45274,20-8,LBM03B11,LB-20,-34.911785,148.971179,562,TRUE,45476976
A25275,LB-20-9,S45275,20-9,LBM03C11,LB-20,-34.911785,148.971179,562,TRUE,48865647
A25276,LB-20-10,S45276,20-10,LBM03D11,LB-20,-34.911785,148.971179,562,TRUE,47574903
A25277,LB-W2-1,S45277,W2-1,LBM03E11,LB-W2,-36.580471,143.521639,206,TRUE,50399135
A25278,LB-W2-2,S45278,W2-2,LBM03F11,LB-W2,-36.580471,143.521639,206,TRUE,89243919
A25279,LB-W2-3,S45279,W2-3,LBM03G11,LB-W2,-36.580471,143.521639,206,TRUE,38034306
A25280,LB-W2-4,S45280,W2-4,LBM03H11,LB-W2,-36.580471,143.521639,206,FALSE,NA
A25281,LB-W2-5,S45281,W2-5,LBM03A12,LB-W2,-36.580471,143.521639,206,FALSE,NA
A25282,LB-W2-6,S45282,W2-6,LBM03B12,LB-W2,-36.580471,143.521639,206,FALSE,NA
A25283,LB-W2-7,S45283,W2-7,LBM03C12,LB-W2,-36.580471,143.521639,206,FALSE,NA
A25284,LB-W2-8,S45284,W2-8,LBM03D12,LB-W2,-36.580471,143.521639,206,FALSE,NA
A25285,LB-W2-9,S45285,W2-9,LBM03E12,LB-W2,-36.580471,143.521639,206,TRUE,37443513
A25286,LB-W2-10,S45286,W2-10,LBM03F12,LB-W2,-36.580471,143.521639,206,FALSE,NA
A25287,LB-24-1,S45287,24-1,LBM03G12,LB-24,-36.980278,144.047611,333,FALSE,NA
A25288,LB-24-2,S45288,24-2,LBM03H12,LB-24,-36.980278,144.047611,333,FALSE,NA
A25289,LB-24-3,S45289,24-3,LBM04A01,LB-24,-36.980278,144.047611,333,TRUE,36060185
A25290,LB-24-4,S45290,24-4,LBM04B01,LB-24,-36.980278,144.047611,333,TRUE,25919602
A25291,LB-24-5,S45291,24-5,LBM04C01,LB-24,-36.980278,144.047611,333,FALSE,NA
A25292,LB-24-6,S45292,24-6,LBM04D01,LB-24,-36.980278,144.047611,333,TRUE,38398295
A25293,LB-24-7,S45293,24-7,LBM04E01,LB-24,-36.980278,144.047611,333,TRUE,53829193
A25294,LB-24-8,S45294,24-8,LBM04F01,LB-24,-36.980278,144.047611,333,TRUE,47622756
A25295,LB-24-9,S45295,24-9,LBM04G01,LB-24,-36.980278,144.047611,333,TRUE,55538571
A25296,LB-24-10,S45296,24-10,LBM04H01,LB-24,-36.980278,144.047611,333,TRUE,49835258
A25297,LB-W3-1,S45297,W3-1,LBM04A02,LB-W3,-36.487921,143.891325,138,TRUE,58101329
A25298,LB-W3-2,S45298,W3-2,LBM04B02,LB-W3,-36.487921,143.891325,138,TRUE,70878071
A25299,LB-W3-3,S45299,W3-3,LBM04C02,LB-W3,-36.487921,143.891325,138,TRUE,48790973
A25300,LB-W3-4,S45300,W3-4,LBM04D02,LB-W3,-36.487921,143.891325,138,TRUE,48175847
A25301,LB-W3-5,S45301,W3-5,LBM04E02,LB-W3,-36.487921,143.891325,138,TRUE,82487774
A25302,LB-W3-6,S45302,W3-6,LBM04F02,LB-W3,-36.487921,143.891325,138,TRUE,87568892
A25303,LB-W3-7,S45303,W3-7,LBM04G02,LB-W3,-36.487921,143.891325,138,TRUE,77868040
A25304,LB-W3-8,S45304,W3-8,LBM04H02,LB-W3,-36.487921,143.891325,138,FALSE,NA
A25305,LB-W3-9,S45305,W3-9,LBM04A03,LB-W3,-36.487921,143.891325,138,TRUE,38163165
A25306,LB-W3-10,S45306,W3-10,LBM04B03,LB-W3,-36.487921,143.891325,138,FALSE,NA
A25307,LB-T3-1,S45307,T3-1,LBM04C03,LB-T3,-35.299683,147.165733,258,TRUE,53509155
A25308,LB-T3-2,S45308,T3-2,LBM04D03,LB-T3,-35.299683,147.165733,258,FALSE,NA
A25309,LB-T3-3,S45309,T3-3,LBM04E03,LB-T3,-35.299683,147.165733,258,TRUE,46783416
A25310,LB-T3-4,S45310,T3-4,LBM04F03,LB-T3,-35.299683,147.165733,258,TRUE,67343325
A25311,LB-T3-5,S45311,T3-5,LBM04G03,LB-T3,-35.299683,147.165733,258,TRUE,36967000
A25312,LB-T3-6,S45312,T3-6,LBM04H03,LB-T3,-35.299683,147.165733,258,FALSE,NA
A25313,LB-T3-7,S45313,T3-7,LBM04A04,LB-T3,-35.299683,147.165733,258,FALSE,NA
A25314,LB-T3-8,S45314,T3-8,LBM04B04,LB-T3,-35.299683,147.165733,258,TRUE,54616768
A25315,LB-T3-9,S45315,T3-9,LBM04C04,LB-T3,-35.299683,147.165733,258,TRUE,42856837
A25316,LB-T3-10,S45316,T3-10,LBM04D04,LB-T3,-35.299683,147.165733,258,FALSE,NA
A25317,LB-21-1,S45317,21-1,LBM04E04,LB-21,-37.144361,142.839428,244,TRUE,36990667
A25318,LB-21-2,S45318,21-2,LBM04F04,LB-21,-37.144361,142.839428,244,TRUE,32453490
A25319,LB-21-3,S45319,21-3,LBM04G04,LB-21,-37.144361,142.839428,244,TRUE,41700147
A25320,LB-21-4,S45320,21-4,LBM04H04,LB-21,-37.144361,142.839428,244,FALSE,NA
A25321,LB-21-5,S45321,21-5,LBM04A05,LB-21,-37.144361,142.839428,244,TRUE,52777959
A25322,LB-21-6,S45322,21-6,LBM04B05,LB-21,-37.144361,142.839428,244,FALSE,NA
A25323,LB-21-7,S45323,21-7,LBM04C05,LB-21,-37.144361,142.839428,244,TRUE,42968639
A25324,LB-21-8,S45324,21-8,LBM04D05,LB-21,-37.144361,142.839428,244,TRUE,29986750
A25325,LB-21-9,S45325,21-9,LBM04E05,LB-21,-37.144361,142.839428,244,TRUE,33358933
A25326,LB-21-10,S45326,21-10,LBM04F05,LB-21,-37.144361,142.839428,244,TRUE,40129041
A25327,LB-T2-1,S45327,T2-1,LBM04G05,LB-T2,-35.37515,147.25261,266,TRUE,48445480
A25328,LB-T2-2,S45328,T2-2,LBM04H05,LB-T2,-35.37515,147.25261,266,FALSE,NA
A25329,LB-T2-3,S45329,T2-3,LBM04A06,LB-T2,-35.37515,147.25261,266,FALSE,NA
A25330,LB-T2-4,S45330,T2-4,LBM04B06,LB-T2,-35.37515,147.25261,266,TRUE,30609731
A25331,LB-T2-5,S45331,T2-5,LBM04C06,LB-T2,-35.37515,147.25261,266,TRUE,36000316
A25332,LB-T2-6,S45332,T2-6,LBM04D06,LB-T2,-35.37515,147.25261,266,TRUE,33892393
A25333,LB-T2-7,S45333,T2-7,LBM04E06,LB-T2,-35.37515,147.25261,266,TRUE,39365785
A25334,LB-T2-8,S45334,T2-8,LBM04F06,LB-T2,-35.37515,147.25261,266,TRUE,30008580
A25335,LB-T2-9,S45335,T2-9,LBM04G06,LB-T2,-35.37515,147.25261,266,TRUE,29908971
A25336,LB-T2-10,S45336,T2-10,LBM04H06,LB-T2,-35.37515,147.25261,266,FALSE,NA
A25337,LB-13-1,S45337,13-1,LBM04A07,LB-13,-36.997778,145.474944,?,FALSE,NA
A25338,LB-13-2,S45338,13-2,LBM04B07,LB-13,-36.997778,145.474944,?,FALSE,NA
A25339,LB-13-3,S45339,13-3,LBM04C07,LB-13,-36.997778,145.474944,?,FALSE,NA
A25340,LB-13-4,S45340,13-4,LBM04D07,LB-13,-36.997778,145.474944,?,FALSE,NA
A25341,LB-13-5,S45341,13-5,LBM04E07,LB-13,-36.997778,145.474944,?,FALSE,NA
A25342,LB-13-6,S45342,13-6,LBM04F07,LB-13,-36.997778,145.474944,?,FALSE,NA
A25343,LB-26-1,S45343,26-1,LBM04G07,LB-26,-35.39474,149.677129,?,FALSE,NA
A25344,LB-26-2,S45344,26-2,LBM04H07,LB-26,-35.39474,149.677129,?,FALSE,NA
A25345,LB-26-3,S45345,26-3,LBM04A08,LB-26,-35.39474,149.677129,?,FALSE,NA
A25346,LB-26-4,S45346,26-4,LBM04B08,LB-26,-35.39474,149.677129,?,TRUE,34342318
A25347,LB-26-5,S45347,26-5,LBM04C08,LB-26,-35.39474,149.677129,?,FALSE,NA
A25348,LB-26-6,S45348,26-6,LBM04D08,LB-26,-35.39474,149.677129,?,TRUE,48061936
A25349,LB-26-7,S45349,26-7,LBM04E08,LB-26,-35.39474,149.677129,?,TRUE,29419513
A25350,LB-26-8,S45350,26-8,LBM04F08,LB-26,-35.39474,149.677129,?,FALSE,NA
A25351,LB-26-9,S45351,26-9,LBM04G08,LB-26,-35.39474,149.677129,?,TRUE,25776119
A25352,LB-26-10,S45352,26-10,LBM04H08,LB-26,-35.39474,149.677129,?,FALSE,NA
A25353,LB-i1-1,S45353,i1-1,LBM04A09,LB-i1,-36.75,145.583333,178,FALSE,NA
A25354,LB-i1-2,S45354,i1-2,LBM04B09,LB-i1,-36.75,145.583333,178,FALSE,NA
A25355,LB-i1-3,S45355,i1-3,LBM04C09,LB-i1,-36.75,145.583333,178,FALSE,NA
A25356,LB-i1-4,S45356,i1-4,LBM04D09,LB-i1,-36.75,145.583333,178,FALSE,NA
A25357,LB-i1-5,S45357,i1-5,LBM04E09,LB-i1,-36.75,145.583333,178,FALSE,NA
A25358,LB-i1-6,S45358,i1-6,LBM04F09,LB-i1,-36.75,145.583333,178,FALSE,NA
A25359,LB-i1-7,S45359,i1-7,LBM04G09,LB-i1,-36.75,145.583333,178,FALSE,NA
A25360,LB-i1-8,S45360,i1-8,LBM04H09,LB-i1,-36.75,145.583333,178,FALSE,NA
A25361,LB-i1-9,S45361,i1-9,LBM04A10,LB-i1,-36.75,145.583333,178,FALSE,NA
A25362,LB-i1-10,S45362,i1-10,LBM04B10,LB-i1,-36.75,145.583333,178,FALSE,NA
A25363,LB-O-1,S45363,O-1,LBM04C10,LB-O,-37.4279,147.8924,?,FALSE,NA
A25364,LB-O-2,S45364,O-2,LBM04D10,LB-O,-37.4279,147.8924,?,FALSE,NA
A25365,LB-O-3,S45365,O-3,LBM04E10,LB-O,-37.4279,147.8924,?,FALSE,NA
A25366,LB-O-4,S45366,O-4,LBM04F10,LB-O,-37.4279,147.8924,?,FALSE,NA
A25367,LB-O-5,S45367,O-5,LBM04G10,LB-O,-37.4279,147.8924,?,FALSE,NA
A25368,LB-O-6,S45368,O-6,LBM04H10,LB-O,-37.4279,147.8924,?,FALSE,NA
A25369,LB-O-7,S45369,O-7,LBM04A11,LB-O,-37.4279,147.8924,?,FALSE,NA
A25370,LB-O-8,S45370,O-8,LBM04B11,LB-O,-37.4279,147.8924,?,FALSE,NA
A25371,LB-O-9,S45371,O-9,LBM04C11,LB-O,-37.4279,147.8924,?,FALSE,NA
A25372,LB-O-10,S45372,O-10,LBM04D11,LB-O,-37.4279,147.8924,?,FALSE,NA
A25133,LB-7-1,S45373,7-1R,LBM04E11,LB-7,-33.936944,116.963333,?,TRUE,54780916
A25134,LB-7-2,S45374,7-2R,LBM04F11,LB-7,-33.936944,116.963333,?,FALSE,NA
A25135,LB-7-3,S45375,7-3R,LBM04G11,LB-7,-33.936944,116.963333,?,FALSE,NA
A25136,LB-7-4,S45376,7-4R,LBM04H11,LB-7,-33.936944,116.963333,?,FALSE,NA
A25137,LB-7-5,S45377,7-5R,LBM04A12,LB-7,-33.936944,116.963333,?,FALSE,NA
A25138,LB-7-6,S45378,7-6R,LBM04B12,LB-7,-33.936944,116.963333,?,FALSE,NA
A25139,LB-7-7,S45379,7-7R,LBM04C12,LB-7,-33.936944,116.963333,?,FALSE,NA
